number,value,datetime_start,datetime_complete,duration,params_alpha,params_colsample_bytree,params_learning_rate,params_max_depth,params_min_child_samples,params_min_child_weight,params_min_split_gain,params_n_estimators,params_num_leaves,params_reg_alpha,params_reg_lambda,params_subsample,params_subsample_freq,state,quantile
0,0.035176857628054795,2024-10-17 21:52:44.538101,2024-10-17 21:52:45.878413,0 days 00:00:01.340312,0.04311217986395624,0.5778294304219969,0.06566480678709968,14,96,1.9392783967843579,0.8141435200675913,411,61,0.6585912217782155,0.35611321055420786,0.6870821752601863,5,COMPLETE,0.1
1,0.035176857628054795,2024-10-17 21:52:45.878725,2024-10-17 21:52:50.556621,0 days 00:00:04.677896,0.16156306265790968,0.880834032755387,0.025048766701887496,17,35,4.352693297715231,0.2133373459800666,335,178,0.17911674409267841,0.5913701447962978,0.6816490278432257,3,COMPLETE,0.1
2,0.035176857628054795,2024-10-17 21:52:50.556841,2024-10-17 21:52:53.009157,0 days 00:00:02.452316,0.0070288013015850385,0.5752032841785369,0.0688108385384917,12,97,2.861430478738247,0.6861605303903283,600,144,0.5056978569486896,0.016570823810650004,0.9162214314723445,8,COMPLETE,0.1
3,0.035176857628054795,2024-10-17 21:52:53.009362,2024-10-17 21:52:56.896164,0 days 00:00:03.886802,0.03945677172651161,0.5477092823868687,0.03100968604276635,9,72,7.290444175149448,0.3717213509753935,698,212,0.1678140938720727,0.5113877364385874,0.5356988211772724,7,COMPLETE,0.1
4,0.035176857628054795,2024-10-17 21:52:56.896376,2024-10-17 21:52:59.064409,0 days 00:00:02.168033,0.0386137056589265,0.7151791594368262,0.03460961132080826,9,25,4.1040870809399985,0.20338997743735188,254,69,0.5512479152877573,0.6599873363703085,0.9705038110375865,1,COMPLETE,0.1
5,0.02831983875898683,2024-10-17 21:52:59.064625,2024-10-17 21:53:05.614952,0 days 00:00:06.550327,0.004464172025233701,0.953267939658859,0.017539436461383607,12,44,6.934375267549178,0.18844011382828363,654,292,0.374648917690808,0.9531074520693883,0.9194823034224597,9,COMPLETE,0.1
6,0.035176857628054795,2024-10-17 21:53:05.615180,2024-10-17 21:53:06.181915,0 days 00:00:00.566735,0.012458375466507115,0.8874652243518967,0.04217396452892268,18,98,7.078300365841382,0.896045499002653,116,239,0.2566553038415559,0.3692052071425401,0.8068462654402547,8,COMPLETE,0.1
7,0.035176857628054795,2024-10-17 21:53:06.182128,2024-10-17 21:53:07.626141,0 days 00:00:01.444013,0.8528178146036196,0.9365165038985384,0.033134403887587295,7,55,3.9809738390117424,0.7667536082959343,571,189,0.3869285500170321,0.6385922386876506,0.5728880601968656,10,COMPLETE,0.1
8,0.0136165945645712,2024-10-17 21:53:07.626355,2024-10-17 21:53:09.981183,0 days 00:00:02.354828,0.0015719106210831152,0.9034826622458904,0.012997836830415119,17,84,7.031826603744287,0.4733988581091022,367,241,0.9269585274831257,0.8602332076436892,0.8240398866217409,6,COMPLETE,0.1
9,0.03147186861594662,2024-10-17 21:53:09.981418,2024-10-17 21:53:10.705657,0 days 00:00:00.724239,0.003972042390891354,0.6005800728204256,0.015237802065416342,3,47,4.86685973594894,0.10501486033436636,343,215,0.39567017475312716,0.20723114952958355,0.7629386599303378,4,COMPLETE,0.1
10,0.006678795392696047,2024-10-17 21:53:10.705875,2024-10-17 21:53:18.098892,0 days 00:00:07.393017,0.00023438641360172205,0.7840086476536191,0.010573588044390894,20,5,9.957500142014325,0.5197204763128842,935,278,0.9467076314877884,0.9920157853498259,0.8352489364353999,6,COMPLETE,0.1
11,0.006466949755856111,2024-10-17 21:53:18.099126,2024-10-17 21:53:25.121715,0 days 00:00:07.022589,0.00019298746234816975,0.7803427579045666,0.010025384572215783,20,6,9.878495752923182,0.5401908308452329,984,295,0.9691746385960263,0.9842659204584215,0.8413635579995581,6,COMPLETE,0.1
12,0.0061304590312318795,2024-10-17 21:53:25.121929,2024-10-17 21:53:32.490645,0 days 00:00:07.368716,0.00010416039139367864,0.76822198210821,0.010252720398032962,20,10,9.751583758395515,0.5749120459509127,988,291,0.9967018625909378,0.8090910834703596,0.8564455091769773,6,COMPLETE,0.1
13,0.006227808136436444,2024-10-17 21:53:32.490859,2024-10-17 21:53:40.009692,0 days 00:00:07.518833,0.00012425854712659273,0.7504491519734486,0.010304931166455181,20,5,9.936156522692905,0.6193549832267711,995,129,0.7910877755054831,0.791107751577152,0.8784935958832024,3,COMPLETE,0.1
14,0.006055140789873472,2024-10-17 21:53:40.009922,2024-10-17 21:53:45.121864,0 days 00:00:05.111942,0.00010004631782315684,0.6808023704865492,0.019994384470837418,15,20,8.565421377435188,0.6244473629054529,830,141,0.7589716579656458,0.7805019739051474,0.901612511840116,2,COMPLETE,0.1
15,0.008243570951317674,2024-10-17 21:53:45.122093,2024-10-17 21:53:51.435535,0 days 00:00:06.313442,0.000606758267258873,0.6593505935224043,0.021195002807731452,15,21,8.61909220822915,0.3514618615044579,815,106,0.7679876398245401,0.7651015527150281,0.991691599021568,3,COMPLETE,0.1
16,0.008664814242632652,2024-10-17 21:53:51.435764,2024-10-17 21:53:54.671661,0 days 00:00:03.235897,0.0006034816360315297,0.6765644633152471,0.020013569813797077,15,20,8.60334722166538,0.9737978181610341,820,97,0.7791629737419601,0.7380890816225147,0.731370039439934,1,COMPLETE,0.1
17,0.00851157638711093,2024-10-17 21:53:54.671906,2024-10-17 21:54:00.749253,0 days 00:00:06.077347,0.0006159563279368783,0.8138195994743894,0.014237180781370568,18,32,5.874410210247609,0.7188082584879298,817,171,0.029458607560171712,0.8724568795860442,0.9258867402321231,4,COMPLETE,0.1
18,0.006260770644637319,2024-10-17 21:54:00.749560,2024-10-17 21:54:04.308180,0 days 00:00:03.558620,0.00011644428783148152,0.8420074394102607,0.05041438684664026,14,58,0.14264168621840767,0.41053883559140103,895,42,0.8445157087624102,0.4820310159445892,0.7678989012395602,2,COMPLETE,0.1
19,0.014222044033335874,2024-10-17 21:54:04.308417,2024-10-17 21:54:07.422735,0 days 00:00:03.114318,0.001673439125400376,0.6457932552502762,0.09949199636767565,10,15,8.448584766452926,0.6503694034009109,750,256,0.6469042570760368,0.847781133954532,0.8744513619132601,5,COMPLETE,0.1
0,0.03385667441440861,2024-10-17 21:54:36.251378,2024-10-17 21:54:39.495038,0 days 00:00:03.243660,0.08714427753298434,0.9232600106856962,0.014295103471003465,20,83,0.003802419570295671,0.7566495198636277,685,35,0.5522126835046051,0.14075474630950535,0.8555586946792706,2,COMPLETE,0.2
1,0.0060784463991834185,2024-10-17 21:54:39.495265,2024-10-17 21:54:51.573157,0 days 00:00:12.077892,0.00042272921402024776,0.809318828281012,0.044154949209225455,14,11,2.535342911949655,0.30838850091646797,517,235,0.11025320987045684,0.09165536275800557,0.9838213266854385,5,COMPLETE,0.2
2,0.03385667441440861,2024-10-17 21:54:51.573389,2024-10-17 21:54:52.953290,0 days 00:00:01.379901,0.5507523826700506,0.58419736925991,0.05314062885281964,8,56,3.048316611928188,0.1920113680845409,274,32,0.5355678096626495,0.4207095417702601,0.9505876791049848,10,COMPLETE,0.2
3,0.03385667441440861,2024-10-17 21:54:52.953521,2024-10-17 21:54:57.842616,0 days 00:00:04.889095,0.6119583791130019,0.9422616069903722,0.011154791432644846,15,34,5.232557032095672,0.8323636735745008,543,103,0.4261046368886031,0.7307276377129882,0.8757450474478732,3,COMPLETE,0.2
4,0.03385667441440861,2024-10-17 21:54:57.842857,2024-10-17 21:55:01.807022,0 days 00:00:03.964165,0.6620326688636379,0.7193777707246584,0.0334777135106143,13,87,6.318690568724482,0.13859042540340505,617,43,0.018745365986878038,0.06670861947372153,0.7913286069708336,6,COMPLETE,0.2
5,0.020385722874090424,2024-10-17 21:55:01.807253,2024-10-17 21:55:05.774687,0 days 00:00:03.967434,0.0033881385437189025,0.6783977116299211,0.03166796987473036,11,80,0.16526579334802635,0.7905647024489008,879,42,0.19187515471998073,0.19234782159903163,0.8741121690614004,9,COMPLETE,0.2
6,0.03385667441440861,2024-10-17 21:55:05.775042,2024-10-17 21:55:09.920360,0 days 00:00:04.145318,0.014276237386276603,0.8136538044003061,0.04272730800781618,20,38,5.146475357728291,0.7839988576326403,910,270,0.8883006115846287,0.07683514015077275,0.7643492743635636,9,COMPLETE,0.2
7,0.005756839406684557,2024-10-17 21:55:09.920600,2024-10-17 21:55:11.058872,0 days 00:00:01.138272,0.0001852044636416051,0.6954036554995944,0.04214478463171269,8,63,6.079357672134515,0.7468634678493321,177,261,0.25120798926481913,0.0424338277831815,0.7982245324273659,6,COMPLETE,0.2
8,0.005485971968872596,2024-10-17 21:55:11.059103,2024-10-17 21:55:14.973972,0 days 00:00:03.914869,0.00010694656911009126,0.5571721469753751,0.05949990138593391,7,88,2.491407129225016,0.5271159722167211,968,239,0.3555372215318142,0.5429721441747014,0.8463064621931335,6,COMPLETE,0.2
9,0.006183921504227156,2024-10-17 21:55:14.974193,2024-10-17 21:55:16.934476,0 days 00:00:01.960283,0.00036727810315896245,0.5600281590340213,0.048183967986209886,19,39,6.146694529467053,0.12929796355334833,264,50,0.16707747080931523,0.4018234473399265,0.8139821823324407,5,COMPLETE,0.2
10,0.020204859341162285,2024-10-17 21:55:16.934706,2024-10-17 21:55:18.170724,0 days 00:00:01.236018,0.0032888129080056376,0.5023279981783006,0.09649660073856492,3,98,9.640226313915802,0.4915490699944972,778,208,0.7910171244913385,0.9050430970306668,0.6134210037072231,7,COMPLETE,0.2
11,0.005513953252735694,2024-10-17 21:55:18.170953,2024-10-17 21:55:18.666157,0 days 00:00:00.495204,0.00010409923324532517,0.6301624393291596,0.08037776188548663,6,64,8.312136006945842,0.5409674484975339,115,284,0.36697624311069055,0.6351831896381611,0.6526222713481759,7,COMPLETE,0.2
12,0.005823267221672557,2024-10-17 21:55:18.666385,2024-10-17 21:55:19.304639,0 days 00:00:00.638254,0.00016364788615564986,0.62468978280134,0.08976669316544296,3,70,9.038126729866178,0.5507649624540241,393,198,0.3766863606188213,0.636707850011778,0.6487028297540491,8,COMPLETE,0.2
13,0.009851316661743985,2024-10-17 21:55:19.304863,2024-10-17 21:55:22.831584,0 days 00:00:03.526721,0.0012565553564472553,0.6299852663726796,0.07942846244262222,7,95,8.178952224820677,0.49129983994464776,982,293,0.6614726091597476,0.5806010240839671,0.5031650592215156,4,COMPLETE,0.2
14,0.00877968143339347,2024-10-17 21:55:22.831810,2024-10-17 21:55:23.253137,0 days 00:00:00.421327,0.0008888201364292618,0.5082534192121492,0.06766181721475782,6,75,3.4220466920901442,0.9908578038363872,104,144,0.330977974070505,0.8440324905633304,0.6761013075317562,7,COMPLETE,0.2
15,0.005205924734280065,2024-10-17 21:55:23.253355,2024-10-17 21:55:25.795402,0 days 00:00:02.542047,0.00010312030652587425,0.7832491834858002,0.06304974678984286,10,52,7.757827277122516,0.3546701938864472,410,183,0.7140744733236584,0.34381939849929327,0.7081191738639158,1,COMPLETE,0.2
16,0.03385667441440861,2024-10-17 21:55:25.795635,2024-10-17 21:55:29.402208,0 days 00:00:03.606573,0.014766846955875372,0.7983607844300183,0.022892852077176215,11,50,1.7028162753024527,0.3264280187633847,356,155,0.717519067541782,0.26174222016495097,0.7204627268559088,1,COMPLETE,0.2
17,0.03385667441440861,2024-10-17 21:55:29.402449,2024-10-17 21:55:32.736819,0 days 00:00:03.334370,0.08146686958735885,0.8675011929045456,0.060637169106227504,10,20,7.5082286721234865,0.33747330116354074,438,188,0.9830196959283193,0.35003596224089323,0.5621877063075513,1,COMPLETE,0.2
18,0.010703731240258463,2024-10-17 21:55:32.737047,2024-10-17 21:55:43.481882,0 days 00:00:10.744835,0.0015703404561077966,0.9955524404943679,0.02212612480961977,17,49,4.138448481126806,0.02237879847270352,736,120,0.6625829662729827,0.4824674574003124,0.7121951103218528,3,COMPLETE,0.2
19,0.0069293024392263905,2024-10-17 21:55:43.482115,2024-10-17 21:55:46.392111,0 days 00:00:02.909996,0.0005409308043045947,0.7749926375481127,0.06386587543360438,9,28,1.2226964236117004,0.6497122679161713,477,234,0.4940994824473697,0.2831611642687901,0.9217839247534366,3,COMPLETE,0.2
0,0.03253649120076243,2024-10-17 21:56:01.400645,2024-10-17 21:56:01.667061,0 days 00:00:00.266416,0.16459230042967307,0.5424150633414879,0.010797204793539064,3,50,8.422057673508517,0.22659008989810403,187,270,0.19852664818451116,0.3896872355501143,0.5028082238475038,9,COMPLETE,0.3
1,0.009829569482564351,2024-10-17 21:56:01.667286,2024-10-17 21:56:04.645801,0 days 00:00:02.978515,0.001488976088841354,0.7784559322758822,0.03615068703416328,18,50,6.404415748931501,0.42746374984475455,213,112,0.13545652382175344,0.8363783964210318,0.8951095430687361,3,COMPLETE,0.3
2,0.03253649120076243,2024-10-17 21:56:04.646030,2024-10-17 21:56:10.131407,0 days 00:00:05.485377,0.33394873261614133,0.7358206161061991,0.03191502533415361,9,31,7.606786088798347,0.6864329503736839,954,256,0.7401024264294368,0.7400228098546047,0.6024342536385983,2,COMPLETE,0.3
3,0.03253649120076243,2024-10-17 21:56:10.131645,2024-10-17 21:56:12.627003,0 days 00:00:02.495358,0.05113877374844804,0.9376310698617583,0.06018499493012979,17,7,9.858247101252077,0.20150657094903457,560,25,0.8261245450543678,0.20345994163278558,0.9174538077048433,3,COMPLETE,0.3
4,0.03253649120076243,2024-10-17 21:56:12.627240,2024-10-17 21:56:17.266563,0 days 00:00:04.639323,0.4301873716748825,0.75896192501682,0.029535557086917536,12,8,7.347664692681317,0.5817802321345273,216,195,0.010243913961324513,0.092405917629382,0.9728132835827816,9,COMPLETE,0.3
5,0.007103737530542712,2024-10-17 21:56:17.266788,2024-10-17 21:56:23.572356,0 days 00:00:06.305568,0.0007999131957711449,0.7381504076174106,0.017982731867813417,15,27,5.07559407166437,0.6829832960904761,578,104,0.1499795097973945,0.9264345999418528,0.5532635987665568,9,COMPLETE,0.3
6,0.03253649120076243,2024-10-17 21:56:23.572939,2024-10-17 21:56:25.137470,0 days 00:00:01.564531,0.01919718859905685,0.6705463099323394,0.040040895483058996,14,84,5.440763765268193,0.34919315832310327,139,247,0.9184107242856522,0.05391144430187689,0.6905845851058934,1,COMPLETE,0.3
7,0.005904323434016356,2024-10-17 21:56:25.137691,2024-10-17 21:56:26.791860,0 days 00:00:01.654169,0.00037165963125944265,0.9416769603565689,0.022268345653996737,4,20,9.743386767646209,0.8800078941076565,677,249,0.8651103039224716,0.9937026416122602,0.9258756007964042,1,COMPLETE,0.3
8,0.03253649120076243,2024-10-17 21:56:26.792085,2024-10-17 21:56:27.946163,0 days 00:00:01.154078,0.08913697593054844,0.6190424017963692,0.025266246748582025,8,92,8.61319827410324,0.7063432425871071,203,51,0.8905244527342141,0.46998539186979593,0.5946248198847645,6,COMPLETE,0.3
9,0.03253649120076243,2024-10-17 21:56:27.946392,2024-10-17 21:56:32.730288,0 days 00:00:04.783896,0.010361974893130552,0.7216869244544503,0.020538151396944305,10,68,3.0472120412649124,0.39892140146271426,911,34,0.8573767604371401,0.050330430832641104,0.634421321429761,8,COMPLETE,0.3
10,0.00549621707087854,2024-10-17 21:56:32.730519,2024-10-17 21:56:34.490450,0 days 00:00:01.759931,0.00023884532105990206,0.9822252675683865,0.09772885583966089,4,29,0.2803787346436808,0.9378736280316696,747,199,0.6002716820544559,0.6553600173476912,0.8046910169503988,5,COMPLETE,0.3
11,0.00510097357271009,2024-10-17 21:56:34.490680,2024-10-17 21:56:36.085143,0 days 00:00:01.594463,0.0001270563386941332,0.987019975011884,0.09136906731236422,4,28,0.05013666963980867,0.9473679776838141,750,194,0.5755239827175582,0.6562764927260284,0.8052195638023463,5,COMPLETE,0.3
12,0.005038463649144623,2024-10-17 21:56:36.085372,2024-10-17 21:56:38.243064,0 days 00:00:02.157692,0.00011680532395598846,0.863563853846149,0.09973062701496314,6,37,0.03189846961975834,0.9905657191083592,779,180,0.5417112051966584,0.6293455449140058,0.8003730309262259,5,COMPLETE,0.3
13,0.00498920220524072,2024-10-17 21:56:38.243288,2024-10-17 21:56:42.004869,0 days 00:00:03.761581,0.00011115265824088172,0.850669337722525,0.09935458789345729,6,43,0.039421624634157104,0.012726326696973045,779,159,0.40509804472472927,0.6120621181229808,0.8078533990158392,6,COMPLETE,0.3
14,0.01255249708520719,2024-10-17 21:56:42.005094,2024-10-17 21:56:44.016085,0 days 00:00:02.010991,0.002120983127326209,0.8548992396342658,0.06256474989143727,7,63,2.1445558141591703,0.11629352404335691,391,150,0.3849493613697362,0.5504137511910187,0.7628170338103071,7,COMPLETE,0.3
15,0.0050652966745604,2024-10-17 21:56:44.016316,2024-10-17 21:56:48.131703,0 days 00:00:04.115387,0.00010150183632975197,0.8436535325512813,0.06603671769383838,6,43,2.316530368862948,0.023715513609699097,852,143,0.4039621711868422,0.29665151575757076,0.8591816591932097,4,COMPLETE,0.3
16,0.020689367036784014,2024-10-17 21:56:48.131939,2024-10-17 21:56:50.415396,0 days 00:00:02.283457,0.003978823284880165,0.8507836790829537,0.05026716217737665,11,42,1.1226607275143436,0.7968623191961907,422,88,0.38923375906324925,0.546894433722524,0.7095886630886479,7,COMPLETE,0.3
17,0.006196574515815905,2024-10-17 21:56:50.415629,2024-10-17 21:56:52.947201,0 days 00:00:02.531572,0.0004989736946316702,0.8925714936843421,0.08593828615959145,6,67,3.746194849945606,0.5479878894649262,823,215,0.6535801235249854,0.7344743241220807,0.8200889881172333,6,COMPLETE,0.3
18,0.02605545657757672,2024-10-17 21:56:52.947432,2024-10-17 21:56:56.434915,0 days 00:00:03.487483,0.005204995132868238,0.7964437178670264,0.07992855648636785,6,39,1.2138565435736357,0.020581073799831873,669,298,0.4779593452003083,0.36096172801983595,0.753922693431614,4,COMPLETE,0.3
19,0.007418859849718068,2024-10-17 21:56:56.435150,2024-10-17 21:57:04.322282,0 days 00:00:07.887132,0.0009624617641709604,0.9076613052616803,0.045420768094422595,20,59,4.013352161840699,0.22271574725064536,455,157,0.3026291391653855,0.6385189421477481,0.686988033640009,7,COMPLETE,0.3
0,0.031216307987116245,2024-10-17 21:57:26.814452,2024-10-17 21:57:28.401466,0 days 00:00:01.587014,0.015158668911265464,0.6741600081151101,0.016511369046481993,5,64,0.5989366058418167,0.11742899523090855,466,188,0.8370815967133588,0.4163612818088366,0.6704528114327997,6,COMPLETE,0.4
1,0.031216307987116245,2024-10-17 21:57:28.401692,2024-10-17 21:57:34.903087,0 days 00:00:06.501395,0.08452297738959905,0.9120507973234999,0.026347698286861995,11,89,5.612298959710714,0.38707993429605625,999,60,0.9820971598244439,0.9764088229742908,0.7922800597807101,7,COMPLETE,0.4
2,0.031216307987116245,2024-10-17 21:57:34.903328,2024-10-17 21:57:45.614930,0 days 00:00:10.711602,0.17476475353248117,0.5678718485851191,0.01874589757492668,14,5,2.252901132049141,0.5089903456316818,431,272,0.8326199965958736,0.6000464760885762,0.5753634429260729,10,COMPLETE,0.4
3,0.031216307987116245,2024-10-17 21:57:45.615162,2024-10-17 21:57:46.670243,0 days 00:00:01.055081,0.7134704450727292,0.8000624277482562,0.05550469643561916,20,86,7.515984291691542,0.12991353334022204,128,56,0.1832585666516392,0.27105445811880946,0.7827164319494537,9,COMPLETE,0.4
4,0.031216307987116245,2024-10-17 21:57:46.670474,2024-10-17 21:57:47.759418,0 days 00:00:01.088944,0.13605793051090723,0.686881407745088,0.05853702468614748,4,46,4.689070725352154,0.3347997275589205,449,179,0.4412455493634736,0.6806275825032723,0.6383653368669961,6,COMPLETE,0.4
5,0.022345592801596603,2024-10-17 21:57:47.759642,2024-10-17 21:57:48.465677,0 days 00:00:00.706035,0.004232570999564291,0.5606954440737397,0.017768483072354953,6,92,9.353176709251695,0.9963706874414034,165,279,0.6041836328875694,0.45211443921619665,0.5013047366180742,5,COMPLETE,0.4
6,0.031216307987116245,2024-10-17 21:57:48.465912,2024-10-17 21:57:51.407527,0 days 00:00:02.941615,0.02235628541584444,0.9132269634958179,0.08863952602194589,15,7,7.1612473886579515,0.9122643343061804,528,170,0.20065764332329217,0.39376658265382947,0.8734611047168583,9,COMPLETE,0.4
7,0.029983518349559788,2024-10-17 21:57:51.407763,2024-10-17 21:57:56.555339,0 days 00:00:05.147576,0.006735047800679997,0.7708177481655947,0.09427604531489092,13,14,6.085524330963333,0.22904821689204524,626,58,0.3894485524063568,0.2476581387295631,0.7709954323723838,5,COMPLETE,0.4
8,0.017859672884388396,2024-10-17 21:57:56.555570,2024-10-17 21:57:56.818930,0 days 00:00:00.263360,0.0030929848374541716,0.6606668615437123,0.019806281067992627,3,82,4.2691341179758995,0.6198172578380722,156,113,0.590381493286091,0.5943083797919029,0.711965931244064,1,COMPLETE,0.4
9,0.031216307987116245,2024-10-17 21:57:56.819155,2024-10-17 21:58:02.014876,0 days 00:00:05.195721,0.06400148165013508,0.7998880540275647,0.030957462231526643,15,74,6.744020005497873,0.760321475886123,987,226,0.19531363374495014,0.7766310856525047,0.7808467549981896,4,COMPLETE,0.4
10,0.004934546142425805,2024-10-17 21:58:02.015288,2024-10-17 21:58:05.344132,0 days 00:00:03.328844,0.00030959032062402467,0.6348471161741996,0.010154447835403682,9,42,3.5037762238572667,0.5841448251350383,275,111,0.6158166117491751,0.04281212138165802,0.9948121077883443,1,COMPLETE,0.4
11,0.00485373110372903,2024-10-17 21:58:05.344360,2024-10-17 21:58:08.434854,0 days 00:00:03.090494,0.0002862158564178289,0.64894584253817,0.010300732987393013,9,42,3.3987691414426826,0.610943064797977,269,111,0.6671218758927631,0.08582451195107099,0.9644354450672579,1,COMPLETE,0.4
12,0.004461463264542815,2024-10-17 21:58:08.435085,2024-10-17 21:58:12.127555,0 days 00:00:03.692470,0.0001491922648368569,0.5061420044487632,0.01034185464161847,9,39,2.9309166982304347,0.6170761508413489,303,118,0.7103526394294544,0.013164063366707002,0.9848677030368421,1,COMPLETE,0.4
13,0.004430528110254862,2024-10-17 21:58:12.127779,2024-10-17 21:58:16.439186,0 days 00:00:04.311407,0.00012756158245856076,0.5037323507812412,0.010934945748027908,9,30,2.1173598778407614,0.7211891685622638,310,122,0.7443798858055075,0.0386073511914244,0.9987603488735676,3,COMPLETE,0.4
14,0.008292444875124285,2024-10-17 21:58:16.439420,2024-10-17 21:58:22.875098,0 days 00:00:06.435678,0.001230656785073651,0.5125770124868696,0.013175284825362477,8,27,1.2307651094204861,0.784491672013164,719,132,0.8171170297817718,0.1887367257403494,0.8959959568980558,3,COMPLETE,0.4
15,0.00464770170905571,2024-10-17 21:58:22.875331,2024-10-17 21:58:24.302763,0 days 00:00:01.427432,0.00014583604486967513,0.5036300890650064,0.013937395823023033,11,30,2.0225020877202184,0.7564433438019633,305,26,0.7486469423519134,0.023770841391986708,0.9166437773424092,3,COMPLETE,0.4
16,0.0073303497205478,2024-10-17 21:58:24.302994,2024-10-17 21:58:26.983265,0 days 00:00:02.680271,0.0009782262271669617,0.5803837878287303,0.04334055318344251,7,28,2.6032832635272616,0.43065156332474286,373,143,0.992226191622172,0.16233893340498348,0.8501959304137262,3,COMPLETE,0.4
17,0.004544266167651121,2024-10-17 21:58:26.983497,2024-10-17 21:58:32.269400,0 days 00:00:05.285903,0.00011660211374674819,0.9770672007766099,0.023737861303364215,18,63,0.20396833777613388,0.8340158922085038,722,214,0.3671706955249875,0.2976363621954053,0.9534772558428666,2,COMPLETE,0.4
18,0.006650308136307186,2024-10-17 21:58:32.269642,2024-10-17 21:58:35.990450,0 days 00:00:03.720808,0.0007837230058375966,0.5681033682104789,0.013314462823540117,10,54,1.5528288284125877,0.6826567133558292,337,85,0.04605125469177307,0.13257726059587166,0.8441773569718549,2,COMPLETE,0.4
19,0.005025381103195489,2024-10-17 21:58:35.990682,2024-10-17 21:58:39.952897,0 days 00:00:03.962215,0.00035908170868586056,0.7300069143293467,0.010143951204645847,12,24,3.262873652810431,0.5105347768682618,227,144,0.5101360724843875,0.017672454740199565,0.9998531633237606,4,COMPLETE,0.4
0,0.01288631389896353,2024-10-17 21:59:05.939651,2024-10-17 21:59:07.833243,0 days 00:00:01.893592,0.0027190770849442863,0.6368260268535038,0.028309325073429197,5,33,3.5204644113197476,0.23526745749075928,472,284,0.855973030816462,0.1750871434826623,0.9712372698583647,7,COMPLETE,0.5
1,0.02989612477347006,2024-10-17 21:59:07.833475,2024-10-17 21:59:08.038037,0 days 00:00:00.204562,0.3721072967166256,0.5911408241532374,0.02215145205882037,3,79,4.553454611616076,0.8445140394188955,112,179,0.45609225695289735,0.07488754399732478,0.8161264952339408,6,COMPLETE,0.5
2,0.02989612477347006,2024-10-17 21:59:08.038278,2024-10-17 21:59:09.362553,0 days 00:00:01.324275,0.5582186977072807,0.7218559743850708,0.025789842992460885,3,55,2.8245190510049585,0.9302301994327108,865,144,0.5367764570899483,0.12244387990313543,0.5976581786165671,6,COMPLETE,0.5
3,0.014994671247047996,2024-10-17 21:59:09.362788,2024-10-17 21:59:15.173481,0 days 00:00:05.810693,0.0033034638031205097,0.8205309833060184,0.026443715193801898,16,61,7.5328477460891365,0.5555316140539335,599,295,0.7173459829363968,0.6922026821180617,0.9908371427531426,2,COMPLETE,0.5
4,0.009205862751616646,2024-10-17 21:59:15.173725,2024-10-17 21:59:15.823344,0 days 00:00:00.649619,0.0016907542448025396,0.7666740271661304,0.059395499340827974,9,93,1.2681060709335312,0.4724265444282596,108,116,0.44722989141663716,0.1510730739224616,0.6882358045877144,1,COMPLETE,0.5
5,0.02989612477347006,2024-10-17 21:59:15.823567,2024-10-17 21:59:21.870740,0 days 00:00:06.047173,0.07416217744654195,0.7454768387550199,0.05023904770370788,16,81,8.059268198953323,0.3873690679186196,606,251,0.7061219666906483,0.47179017023092873,0.6708524746718387,1,COMPLETE,0.5
6,0.02989612477347006,2024-10-17 21:59:21.870976,2024-10-17 21:59:24.469689,0 days 00:00:02.598713,0.008297016653021815,0.9616018698016666,0.09604074919128178,17,82,0.5233222074380902,0.7005065107388567,530,91,0.02503247876885928,0.19494107306922914,0.6179614711242198,2,COMPLETE,0.5
7,0.0063678355905054315,2024-10-17 21:59:24.469915,2024-10-17 21:59:30.589589,0 days 00:00:06.119674,0.0008157021908429778,0.6372612835479005,0.013661487036064505,13,72,0.3402894864891304,0.8376694712309921,597,130,0.06130982124638906,0.5143483886212541,0.9215937341094191,2,COMPLETE,0.5
8,0.004448713495879513,2024-10-17 21:59:30.589830,2024-10-17 21:59:33.968070,0 days 00:00:03.378240,0.00016993721873268428,0.7434335168455786,0.0291465971750016,19,77,8.797635632843619,0.9529971446629089,846,177,0.7846052288940519,0.1454731438595015,0.5403317186723304,2,COMPLETE,0.5
9,0.02989612477347006,2024-10-17 21:59:33.968300,2024-10-17 21:59:37.981332,0 days 00:00:04.013032,0.22291661529805123,0.5302589803090909,0.02711118831179462,10,6,9.238215290809274,0.5711603786851606,374,267,0.8484028557650276,0.4284680003422463,0.6000348715329943,5,COMPLETE,0.5
10,0.004318136165865132,2024-10-17 21:59:37.981716,2024-10-17 21:59:42.951143,0 days 00:00:04.969427,0.0001428308887639343,0.9175958686197159,0.010159590602469354,20,38,6.326708959838074,0.00035865482626351586,990,31,0.9954560012299116,0.9687536621182837,0.5052382005616927,10,COMPLETE,0.5
11,0.0042531733825742,2024-10-17 21:59:42.951383,2024-10-17 21:59:49.724522,0 days 00:00:06.773139,0.00011493282379578078,0.9156438360922101,0.010055997189330331,20,32,6.746322329190807,0.03878250881511481,982,46,0.966537016531468,0.9423200278895199,0.5125082692688389,10,COMPLETE,0.5
12,0.004250037883749364,2024-10-17 21:59:49.724752,2024-10-17 21:59:53.620790,0 days 00:00:03.896038,0.00011185541525984205,0.9755657668391206,0.010004825035728084,20,31,6.358839414454154,0.005962609097092382,999,23,0.9255243119344891,0.987041947211894,0.521900007068391,10,COMPLETE,0.5
13,0.004921124898095847,2024-10-17 21:59:53.621020,2024-10-17 21:59:57.513239,0 days 00:00:03.892219,0.00036617038232242114,0.9998183217351636,0.015251499576920702,13,21,6.207156981527811,0.014739120728315047,990,21,0.9783580831878023,0.9960183064610925,0.7915728337259459,10,COMPLETE,0.5
14,0.004279492652980442,2024-10-17 21:59:57.513468,2024-10-17 22:00:04.970339,0 days 00:00:07.456871,0.00012127902447968837,0.8840805882784791,0.010903609653788691,20,38,5.777896505841433,0.1672309328996506,792,68,0.2559935008279136,0.8207379619522245,0.5001548306732652,8,COMPLETE,0.5
15,0.02989612477347006,2024-10-17 22:00:04.970582,2024-10-17 22:00:11.648107,0 days 00:00:06.677525,0.02776675510848656,0.8616981887334672,0.019433260979132123,18,21,9.991372685107875,0.18668155037279877,787,58,0.6020566675994454,0.8101052689572162,0.7160894207533315,9,COMPLETE,0.5
16,0.005460019697649506,2024-10-17 22:00:11.648340,2024-10-17 22:00:17.358507,0 days 00:00:05.710167,0.000561637576689746,0.9541680741751231,0.01575400546490336,14,46,7.3024930172793585,0.2854761558511774,696,59,0.9313385709810006,0.8346635054940906,0.5590621702417053,8,COMPLETE,0.5
17,0.005080237092420775,2024-10-17 22:00:17.358744,2024-10-17 22:00:23.422099,0 days 00:00:06.063355,0.0003982818150813231,0.8305988478444479,0.012903853883616402,7,18,4.812667372025476,0.07858757514610237,924,98,0.26724283570853885,0.6474778488705332,0.6466437750716354,9,COMPLETE,0.5
18,0.02989612477347006,2024-10-17 22:00:23.422331,2024-10-17 22:00:29.927287,0 days 00:00:06.504956,0.008856048808256377,0.9905625952663608,0.039671578354258386,15,8,3.6515112601758624,0.33410519255581805,277,206,0.6638523734807801,0.9226420086050848,0.7717156074584628,4,COMPLETE,0.5
19,0.008185040737640606,2024-10-17 22:00:29.927531,2024-10-17 22:00:32.601452,0 days 00:00:02.673921,0.0014143752334133365,0.9129146435253817,0.017707998867904178,18,29,6.740939214548181,0.12096875865106069,762,20,0.8408150101116708,0.6756285735374469,0.5566939155904971,10,COMPLETE,0.5
0,0.006535405305274973,2024-10-17 22:00:56.730104,2024-10-17 22:00:58.472793,0 days 00:00:01.742689,0.0010450040723599396,0.991459274319594,0.05323079469110966,5,58,7.0139562483535665,0.9226191083546412,572,295,0.46766433217510583,0.3953248780624121,0.9517342049267192,1,COMPLETE,0.6
1,0.007397058174098307,2024-10-17 22:00:58.473027,2024-10-17 22:00:59.368595,0 days 00:00:00.895568,0.0012878358601492513,0.8919984788620262,0.05593456170188294,8,74,2.567867234419345,0.32549477917135405,149,276,0.34522152183838584,0.5414600006409608,0.5813954828280125,9,COMPLETE,0.6
2,0.005150521415516614,2024-10-17 22:00:59.368835,2024-10-17 22:01:01.442700,0 days 00:00:02.073865,0.0005159501128481458,0.9202733856695915,0.08794909342585602,8,95,1.6772330317970991,0.2651748379863844,387,48,0.5970162037903466,0.543766748972856,0.836630964250278,8,COMPLETE,0.6
3,0.005505459734679743,2024-10-17 22:01:01.442934,2024-10-17 22:01:06.300973,0 days 00:00:04.858039,0.0005925495961559063,0.5849572776324086,0.030560842054068213,19,96,8.512589083458241,0.5044333179425753,704,55,0.21584999135088723,0.1426864767039654,0.6345011712995005,8,COMPLETE,0.6
4,0.009895851525936613,2024-10-17 22:01:06.301206,2024-10-17 22:01:14.693362,0 days 00:00:08.392156,0.002100331409673206,0.9099209904760297,0.03217699646698579,18,65,1.510584789479294,0.3453696355474528,787,297,0.4218339867590494,0.4983810906121452,0.9153121267301458,9,COMPLETE,0.6
5,0.004626032350668338,2024-10-17 22:01:14.693600,2024-10-17 22:01:22.489395,0 days 00:00:07.795795,0.000313444315588716,0.9850013645816923,0.09156445102658435,11,39,6.162358023241319,0.10546846519712516,813,154,0.45328577127760306,0.5944066911461736,0.703098749992785,5,COMPLETE,0.6
6,0.028575941559823872,2024-10-17 22:01:22.489626,2024-10-17 22:01:29.609180,0 days 00:00:07.119554,0.04471843522732439,0.7497832153849808,0.038035119665385544,16,20,1.7105883189762079,0.017137829117258474,496,120,0.08622063113291767,0.4776096725392176,0.6083860990682074,1,COMPLETE,0.6
7,0.028575941559823872,2024-10-17 22:01:29.609407,2024-10-17 22:01:31.482778,0 days 00:00:01.873371,0.00804207662202131,0.937868989901288,0.047392782904177415,9,16,9.289616946855244,0.6137909537326253,145,164,0.10842775174079744,0.7116945017975922,0.9640648762457908,7,COMPLETE,0.6
8,0.028575941559823872,2024-10-17 22:01:31.483012,2024-10-17 22:01:37.228534,0 days 00:00:05.745522,0.2586452920966919,0.6925675114218792,0.022014159505816523,16,38,3.823499203823417,0.9685018320007158,948,125,0.3040981190213652,0.7299930467168859,0.7949038314516227,9,COMPLETE,0.6
9,0.005560670602162467,2024-10-17 22:01:37.228757,2024-10-17 22:01:38.448195,0 days 00:00:01.219438,0.0005930421381697891,0.5280957055350313,0.024099823373722955,7,85,0.48012970293668095,0.04306798566118619,157,166,0.1791081883737402,0.5068371347615992,0.8926141056113459,5,COMPLETE,0.6
10,0.004278966212020919,2024-10-17 22:01:38.448548,2024-10-17 22:01:48.202797,0 days 00:00:09.754249,0.00014588728084986824,0.8010753969483371,0.010471163963219985,12,35,5.777621531272868,0.682369598396237,987,222,0.8924313900616038,0.9906526777461975,0.7096209917182476,4,COMPLETE,0.6
11,0.004219283509033222,2024-10-17 22:01:48.203033,2024-10-17 22:01:56.655803,0 days 00:00:08.452770,0.00010988063750507953,0.8029726713280523,0.012623151998511618,12,38,5.757481366508117,0.7065095309308923,981,222,0.8829726345035595,0.9845008347561758,0.7078779322708385,4,COMPLETE,0.6
12,0.004345632102337878,2024-10-17 22:01:56.656045,2024-10-17 22:02:05.440374,0 days 00:00:08.784329,0.00015701809267043858,0.8058060200081854,0.01055558042421352,13,39,5.475718826105933,0.7714322936121498,1000,237,0.9450897193506754,0.9969496124087083,0.7056981967328645,3,COMPLETE,0.6
13,0.004199849037565843,2024-10-17 22:02:05.440617,2024-10-17 22:02:15.503561,0 days 00:00:10.062944,0.0001082505101846311,0.8144987977206969,0.010186147050916817,13,25,4.2661918581235,0.7330878738098285,866,219,0.9757897989122284,0.9530196958882442,0.7358964554827788,3,COMPLETE,0.6
14,0.02237854909615193,2024-10-17 22:02:15.503800,2024-10-17 22:02:25.317941,0 days 00:00:09.814141,0.005643553418487372,0.6804809184983038,0.01565347475718611,14,5,4.050663754433228,0.7883060152422611,847,223,0.7392072944876642,0.7958642917818193,0.7700980891546884,3,COMPLETE,0.6
15,0.028575941559823872,2024-10-17 22:02:25.318184,2024-10-17 22:02:26.402855,0 days 00:00:01.084671,0.8444054896815881,0.8326690319632435,0.015764980781654156,3,23,7.243838735939962,0.5372762629595167,648,201,0.7875602830028707,0.8555402800097511,0.6550499616479054,3,COMPLETE,0.6
16,0.028575941559823872,2024-10-17 22:02:26.403085,2024-10-17 22:02:31.490466,0 days 00:00:05.087381,0.05146335423090698,0.7447664982917737,0.014608209438979423,10,51,4.1076528346913745,0.8031231401487061,887,255,0.6359583357173086,0.8891445490524738,0.5084398235263903,6,COMPLETE,0.6
17,0.004229066308734299,2024-10-17 22:02:31.490696,2024-10-17 22:02:40.331415,0 days 00:00:08.840719,0.00011303184361164732,0.8469256080817337,0.012830432964358086,15,50,4.599844029151918,0.6503943541233859,713,188,0.8347706555456834,0.2568586346419516,0.8344950459859876,4,COMPLETE,0.6
18,0.012005652313163738,2024-10-17 22:02:40.331644,2024-10-17 22:02:46.282420,0 days 00:00:05.950776,0.002707179949621036,0.7264800516591873,0.019715527623708748,12,30,2.8595714042380567,0.4270573361522604,413,262,0.969848189009392,0.907975363544232,0.7450075389447997,1,COMPLETE,0.6
19,0.004585599912173073,2024-10-17 22:02:46.282658,2024-10-17 22:02:54.196240,0 days 00:00:07.913582,0.00024232472581914945,0.6338328971862681,0.01000607959366681,17,7,7.230057042940059,0.8641029897500034,908,85,0.6735418762845344,0.0006512701079578465,0.5306712116728636,2,COMPLETE,0.6
0,0.008643296361328281,2024-10-17 22:03:54.939207,2024-10-17 22:03:55.848227,0 days 00:00:00.909020,0.001842036914355314,0.7986111121047939,0.031808104248979154,6,77,7.472464795970596,0.07825907094717033,164,243,0.6563371052308506,0.5719500132934507,0.973660008850991,7,COMPLETE,0.7
1,0.02725575834617769,2024-10-17 22:03:55.848462,2024-10-17 22:03:57.288121,0 days 00:00:01.439659,0.02135575376875886,0.7032866568524903,0.08675703449613033,12,70,8.961386697046738,0.3789475604605793,302,31,0.23175829288165706,0.6179857713175725,0.5164770945830812,10,COMPLETE,0.7
2,0.02725575834617769,2024-10-17 22:03:57.288359,2024-10-17 22:03:57.928222,0 days 00:00:00.639863,0.34223353142392005,0.5149641442589947,0.031056778388683957,16,42,2.15860538732563,0.4957792596980656,124,33,0.37870365312308596,0.3695531741654793,0.5687191444511792,2,COMPLETE,0.7
3,0.02725575834617769,2024-10-17 22:03:57.928458,2024-10-17 22:04:00.317586,0 days 00:00:02.389128,0.25728226526004533,0.8479949997158864,0.013503019531427319,6,72,5.694821319561489,0.5185460788461264,532,186,0.6831267420766557,0.642696978957755,0.7792897638284847,5,COMPLETE,0.7
4,0.005830172114725931,2024-10-17 22:04:00.317822,2024-10-17 22:04:05.936896,0 days 00:00:05.619074,0.0008490299470087304,0.8391337040621504,0.023572645147275917,11,63,4.291706528841052,0.4164054433070393,823,55,0.4994865313461412,0.9218751693366846,0.6968742186127478,2,COMPLETE,0.7
5,0.02725575834617769,2024-10-17 22:04:05.937133,2024-10-17 22:04:19.669980,0 days 00:00:13.732847,0.021286407438117085,0.6584339342145091,0.01571892042823054,13,36,3.409286943423063,0.1938808434929018,819,218,0.374216144199363,0.5175455350687964,0.6907879556297394,5,COMPLETE,0.7
6,0.004905156356823733,2024-10-17 22:04:19.670209,2024-10-17 22:04:22.174800,0 days 00:00:02.504591,0.0004141586155526714,0.7584647054234875,0.053219573531261666,14,91,1.6822719181169685,0.9790203722088652,722,171,0.6008490454155464,0.7416918638335387,0.8529609806479972,8,COMPLETE,0.7
7,0.02725575834617769,2024-10-17 22:04:22.175030,2024-10-17 22:04:25.169517,0 days 00:00:02.994487,0.19539606556535496,0.7735340845104968,0.03486574780968293,7,42,8.655440455794876,0.71297797092009,794,233,0.8650412655233958,0.2396662024479581,0.713257306728245,10,COMPLETE,0.7
8,0.02725575834617769,2024-10-17 22:04:25.169750,2024-10-17 22:04:29.959588,0 days 00:00:04.789838,0.020958605027039567,0.5157397642455122,0.03597800045128921,11,22,3.1267203002415647,0.41632067561466546,500,102,0.7889878204748982,0.7280803523901879,0.7456074522687433,4,COMPLETE,0.7
9,0.018171767169434475,2024-10-17 22:04:29.959825,2024-10-17 22:04:33.147291,0 days 00:00:03.187466,0.004889694338717899,0.6164374439994094,0.042647809531587616,10,60,4.25681151453889,0.4120992263687677,364,253,0.5894346265616958,0.39920288007059546,0.9220038226315673,4,COMPLETE,0.7
10,0.004632682994363925,2024-10-17 22:04:33.147687,2024-10-17 22:04:35.417192,0 days 00:00:02.269505,0.0003153604072030766,0.9701961102811633,0.07290256115201897,20,99,0.15693038416655836,0.9464518485039862,679,132,0.014200551859732458,0.04764667983391779,0.8588750896189618,8,COMPLETE,0.7
11,0.004453537617093907,2024-10-17 22:04:35.417426,2024-10-17 22:04:38.479665,0 days 00:00:03.062239,0.0001203157233962347,0.9825305442136177,0.07396150783439993,20,93,0.1957151183346022,0.972746780501979,984,136,0.07014263308672142,0.06084978243016463,0.8564489110889176,8,COMPLETE,0.7
12,0.004416048018357901,2024-10-17 22:04:38.479907,2024-10-17 22:04:41.083094,0 days 00:00:02.603187,0.00011763229841985954,0.9980942260451542,0.09906706501787463,20,99,0.5419538393018313,0.9997992867613379,994,117,0.023775062573093145,0.032291221189903144,0.8506935861444069,8,COMPLETE,0.7
13,0.004461958311304911,2024-10-17 22:04:41.083335,2024-10-17 22:04:44.361380,0 days 00:00:03.278045,0.00010835393552786977,0.9964378513565381,0.060909191732450164,20,87,0.028204819400253656,0.78267375121246,948,100,0.0010341036767194424,0.046591689057497554,0.830892961532603,8,COMPLETE,0.7
14,0.004362155101616388,2024-10-17 22:04:44.361629,2024-10-17 22:04:47.167029,0 days 00:00:02.805400,0.00016043905636739845,0.9145237959769188,0.0996547414879918,17,96,1.5813752737569862,0.8145350412074697,997,296,0.15359072363910198,0.18871483989940596,0.9285673563265915,7,COMPLETE,0.7
15,0.008074684962964842,2024-10-17 22:04:47.167253,2024-10-17 22:04:51.718458,0 days 00:00:04.551205,0.0016468105246947356,0.9016902840261003,0.09233008459161737,17,6,1.7078063727987476,0.7761211236913543,916,282,0.20564331998394458,0.20300032569437731,0.9495736081278958,6,COMPLETE,0.7
16,0.0045451640869682425,2024-10-17 22:04:51.718696,2024-10-17 22:04:55.131640,0 days 00:00:03.412944,0.00030320109179989235,0.9143555360632138,0.09966074190476451,17,81,5.954337077483277,0.6547837656994959,988,295,0.1788398931881915,0.20479348847032988,0.9105103793232775,9,COMPLETE,0.7
17,0.016862070791457472,2024-10-17 22:04:55.131867,2024-10-17 22:04:56.301670,0 days 00:00:01.169803,0.004544705837637404,0.9252553954000327,0.053015026185974576,3,98,1.1246392782136208,0.8500180894709384,647,196,0.30864207019193224,0.33672369271492386,0.8045747989124009,7,COMPLETE,0.7
18,0.005728191968981745,2024-10-17 22:04:56.301903,2024-10-17 22:05:01.059093,0 days 00:00:04.757190,0.000768755443116062,0.881910701561476,0.02200214619349311,15,85,2.8146613531009397,0.867617209007859,883,87,0.12356176264260524,0.1569621060749714,0.9880106721040065,6,COMPLETE,0.7
19,0.02725575834617769,2024-10-17 22:05:01.059325,2024-10-17 22:05:04.138569,0 days 00:00:03.079244,0.0921916411932022,0.941870153904863,0.06808881523290067,18,52,1.2807372382580042,0.609625069709369,614,139,0.30666206908638405,0.0135513353958574,0.634114176405099,9,COMPLETE,0.7
0,0.02593557513253151,2024-10-17 22:05:20.656996,2024-10-17 22:05:28.014371,0 days 00:00:07.357375,0.025115509196177936,0.6311372494557128,0.05320046738583877,17,17,3.0249614643980447,0.329640501266266,804,178,0.1380352436952259,0.367556776579275,0.9677282756683734,1,COMPLETE,0.8
1,0.02593557513253151,2024-10-17 22:05:28.014605,2024-10-17 22:05:29.659764,0 days 00:00:01.645159,0.00790786800994978,0.9873654215654188,0.019846645094142402,6,32,5.731807665373512,0.9544749048171571,357,41,0.4363190492964044,0.0077592899001655,0.998698872690577,10,COMPLETE,0.8
2,0.02593557513253151,2024-10-17 22:05:29.659993,2024-10-17 22:05:33.611650,0 days 00:00:03.951657,0.09093488211769532,0.518498186060047,0.036724862434410685,20,89,7.942594462862546,0.5081731563921891,874,248,0.2501436547888385,0.9771262461902295,0.7827243249060619,3,COMPLETE,0.8
3,0.005101632305539639,2024-10-17 22:05:33.611876,2024-10-17 22:05:33.803334,0 days 00:00:00.191458,0.00010247629233103455,0.5187822682524902,0.027692703337600707,3,51,0.9862612379529014,0.33308881566530946,117,196,0.9193494384612443,0.8395156145179004,0.6136909999266273,6,COMPLETE,0.8
4,0.0045882206759107836,2024-10-17 22:05:33.803556,2024-10-17 22:05:37.577574,0 days 00:00:03.774018,0.00035733654810567834,0.7615786394178676,0.032692908567604984,14,6,0.06573329675832118,0.7998380248824785,651,251,0.6983534502633277,0.5194593853849618,0.8742662660908702,2,COMPLETE,0.8
5,0.02593557513253151,2024-10-17 22:05:37.577804,2024-10-17 22:05:44.614505,0 days 00:00:07.036701,0.01109284798985251,0.7184959962808689,0.027528313909607204,8,5,2.3158895359591067,0.22917082693361146,756,113,0.1579597007265564,0.7268431700145547,0.5575621251910527,3,COMPLETE,0.8
6,0.02593557513253151,2024-10-17 22:05:44.614735,2024-10-17 22:05:45.229413,0 days 00:00:00.614678,0.057621736700520655,0.6377577473452307,0.06598761960075072,3,8,1.485241823364933,0.7184289364288113,348,20,0.9157769203503823,0.44154491644062266,0.8556427285284638,3,COMPLETE,0.8
7,0.005662132711142424,2024-10-17 22:05:45.229640,2024-10-17 22:05:47.859556,0 days 00:00:02.629916,0.0008679167541778467,0.5768488468718465,0.07386032580712375,9,22,2.8158161820717424,0.3537509944062508,637,26,0.7623247274861317,0.4873667346511297,0.8987331427803095,9,COMPLETE,0.8
8,0.017610437684019882,2024-10-17 22:05:47.859791,2024-10-17 22:05:48.862316,0 days 00:00:01.002525,0.005252549924088042,0.5477267375070917,0.02729124441299028,3,95,4.262272340404063,0.4367771396329424,616,61,0.40899578319683816,0.8226557964033567,0.8047038992901925,6,COMPLETE,0.8
9,0.005115571299945719,2024-10-17 22:05:48.862538,2024-10-17 22:05:51.394811,0 days 00:00:02.532273,0.0006417188263556572,0.5980703592077838,0.06466207956260908,16,35,3.643167037547301,0.5828466391523116,589,62,0.28742038408893333,0.17629092955309045,0.8069460649671311,3,COMPLETE,0.8
10,0.02593557513253151,2024-10-17 22:05:51.395192,2024-10-17 22:06:02.742613,0 days 00:00:11.347421,0.6006553147690776,0.8837503364505559,0.010932889242561151,14,68,9.773029644993557,0.026925559296822166,960,299,0.6672694701873456,0.6488286779931851,0.6792229988883902,1,COMPLETE,0.8
11,0.004866016359652233,2024-10-17 22:06:02.742860,2024-10-17 22:06:03.867767,0 days 00:00:01.124907,0.00012091925790113816,0.7823368398403076,0.01711465245272003,12,54,0.0645275876355198,0.8309400537888958,133,208,0.9555868486498282,0.96349408361569,0.6792687652393867,6,COMPLETE,0.8
12,0.004908264731570227,2024-10-17 22:06:03.868000,2024-10-17 22:06:06.672046,0 days 00:00:02.804046,0.00013246774396944415,0.8044671915355793,0.01480957263701182,13,58,0.09253827043649543,0.8715430600889117,435,235,0.710649504595535,0.6084121512560812,0.6977936599423075,8,COMPLETE,0.8
13,0.005197241408349426,2024-10-17 22:06:06.672288,2024-10-17 22:06:07.942824,0 days 00:00:01.270536,0.0006628700463065588,0.8121369495034678,0.040363454362471574,11,74,0.16397191746591416,0.7935546833982197,266,243,0.9910380377528456,0.9874266352505933,0.7050941043772126,5,COMPLETE,0.8
14,0.008916984148885448,2024-10-17 22:06:07.943060,2024-10-17 22:06:10.245471,0 days 00:00:02.302411,0.0020406357283703084,0.7498883425054702,0.017597776311185,12,44,5.726336373585888,0.6877731880363092,168,125,0.5752946302725886,0.2579242227134376,0.901679289373298,5,COMPLETE,0.8
15,0.0047006619117345135,2024-10-17 22:06:10.245708,2024-10-17 22:06:13.068489,0 days 00:00:02.822781,0.00027640550061403153,0.8712919557381197,0.011340992063895924,16,69,1.730701189296676,0.9848469700276468,524,300,0.7991520762911872,0.5757755704568335,0.6167386541242396,7,COMPLETE,0.8
16,0.0044608417447794015,2024-10-17 22:06:13.068715,2024-10-17 22:06:14.008318,0 days 00:00:00.939603,0.00033943402121037244,0.8989135201886285,0.09596381630560495,19,77,1.686868309070782,0.9979965935085425,500,283,0.7947517852039203,0.5817588386020863,0.5017519965534869,7,COMPLETE,0.8
17,0.009033664555475322,2024-10-17 22:06:14.008547,2024-10-17 22:06:15.349783,0 days 00:00:01.341236,0.0022965529626653826,0.9967106713082217,0.09046321467234926,19,84,5.321641085534539,0.6583129447058083,495,257,0.5866402695998418,0.36664958555314253,0.5042318477857638,8,COMPLETE,0.8
18,0.00818615622388477,2024-10-17 22:06:15.350011,2024-10-17 22:06:16.999258,0 days 00:00:01.649247,0.0018880032797245893,0.8915062947960899,0.09851242735593828,18,80,7.517202430890803,0.910139764978622,746,268,0.8264457106640952,0.7172284339310306,0.7401166555578556,4,COMPLETE,0.8
19,0.00456629071860219,2024-10-17 22:06:16.999499,2024-10-17 22:06:19.462233,0 days 00:00:02.462734,0.00031629813789745486,0.6939274330142791,0.04805306957038553,15,99,1.190906899589387,0.7850470748267832,682,213,0.0018384141376894814,0.540797965873816,0.8734867623692669,2,COMPLETE,0.8
0,0.024615391918885326,2024-10-17 22:06:24.935946,2024-10-17 22:06:26.496285,0 days 00:00:01.560339,0.04979107486567659,0.5171474375786831,0.02426294825988059,12,96,2.380033776057233,0.9653996045140472,708,187,0.10749515524469377,0.2514997070483366,0.7790001026174149,7,COMPLETE,0.9
1,0.00472856339858435,2024-10-17 22:06:26.496507,2024-10-17 22:06:27.489878,0 days 00:00:00.993371,0.0004002427537582813,0.6809095053406027,0.03354171130939288,15,54,1.5545800845640918,0.6142584441424144,199,148,0.5173297573482768,0.5138508748619477,0.814178967949746,6,COMPLETE,0.9
2,0.024615391918885326,2024-10-17 22:06:27.490112,2024-10-17 22:06:28.901423,0 days 00:00:01.411311,0.06874428987561494,0.8906548109988193,0.025695448401580973,3,37,2.5924318210948285,0.8869825149324243,963,218,0.5587153183649286,0.9785392605441974,0.5648881141823149,2,COMPLETE,0.9
3,0.024615391918885326,2024-10-17 22:06:28.901653,2024-10-17 22:06:29.783480,0 days 00:00:00.881827,0.06277024942610872,0.6545482827405232,0.043715374193248474,4,73,7.5646637954828435,0.408979101082494,487,286,0.9167802329925697,0.6429566361564872,0.597850313428735,4,COMPLETE,0.9
4,0.00481504992896197,2024-10-17 22:06:29.783702,2024-10-17 22:06:30.485902,0 days 00:00:00.702200,0.0005659381109376997,0.5574184261528434,0.06010988744255277,3,67,8.016719590365641,0.9691425347319524,424,239,0.7260306045548457,0.11332787611560746,0.9972679807256061,9,COMPLETE,0.9
5,0.024615391918885326,2024-10-17 22:06:30.486140,2024-10-17 22:06:32.896173,0 days 00:00:02.410033,0.2318595484952639,0.739508966655299,0.028291949069765496,10,50,8.402113085533202,0.48017332483958886,650,299,0.12003269388939242,0.9671640958671652,0.7757815602938067,4,COMPLETE,0.9
6,0.006209785992909186,2024-10-17 22:06:32.896407,2024-10-17 22:06:33.738151,0 days 00:00:00.841744,0.001624728182448033,0.9824387043110414,0.09044614741964753,18,35,5.361019578401005,0.5187535591359537,403,23,0.021620387664263774,0.16658392046208426,0.554649188691053,6,COMPLETE,0.9
7,0.011115401462725908,2024-10-17 22:06:33.738389,2024-10-17 22:06:34.476726,0 days 00:00:00.738337,0.003470758388222358,0.7393489772919286,0.033557719792637254,3,36,5.182136816056457,0.4696949575163354,509,22,0.9123862404880724,0.4946778343254322,0.545914532726459,7,COMPLETE,0.9
8,0.004874643900354732,2024-10-17 22:06:34.476957,2024-10-17 22:06:38.747499,0 days 00:00:04.270542,0.00015784323908660567,0.7306458262050349,0.031180044791007312,15,99,0.8975042906626557,0.2072119843797583,762,202,0.45099050778729677,0.5922823674312063,0.5381613792302687,5,COMPLETE,0.9
9,0.008700066985719809,2024-10-17 22:06:38.747727,2024-10-17 22:06:40.053281,0 days 00:00:01.305554,0.002601567056770011,0.8855474503067664,0.06383101557270417,17,84,4.566304547120471,0.3827303392837107,514,262,0.728844346131369,0.6786872611552363,0.5298480327339108,7,COMPLETE,0.9
10,0.00502788902810568,2024-10-17 22:06:40.053508,2024-10-17 22:06:41.672549,0 days 00:00:01.619041,0.00010218716345795521,0.6348384589663277,0.013074392851958798,20,20,0.0371449798766188,0.7239182571205431,137,116,0.3694555456445927,0.38621959570655906,0.9065515645351224,10,COMPLETE,0.9
11,0.00466262030204053,2024-10-17 22:06:41.672778,2024-10-17 22:06:42.449468,0 days 00:00:00.776690,0.0005357577099194591,0.5175223382186463,0.050450851529763474,9,67,9.439467280687602,0.7347255219026863,209,123,0.6660814373621404,0.0696035297999903,0.9908685299871169,10,COMPLETE,0.9
12,0.005430382802948353,2024-10-17 22:06:42.449699,2024-10-17 22:06:43.258684,0 days 00:00:00.808985,0.0004885899166713861,0.6080373240672967,0.017631867056195506,8,58,9.817534891379294,0.6963127590546683,121,98,0.6287022297279428,0.023323839051887577,0.8762525885845148,1,COMPLETE,0.9
13,0.024615391918885326,2024-10-17 22:06:43.258912,2024-10-17 22:06:44.394126,0 days 00:00:01.135214,0.008358779843936766,0.5067691885900716,0.04564792654463985,14,8,3.2036746124579096,0.6843182231955065,274,131,0.2902698974497001,0.3639913289280836,0.6659681373385875,9,COMPLETE,0.9
14,0.004600353232748496,2024-10-17 22:06:44.394357,2024-10-17 22:06:45.033218,0 days 00:00:00.638861,0.00044514581724268014,0.8319397187326643,0.08688356341282667,7,51,6.555654376772156,0.8126380287537323,269,162,0.737012873134458,0.8006237958881379,0.9972522475070025,10,COMPLETE,0.9
15,0.005363543660632588,2024-10-17 22:06:45.033448,2024-10-17 22:06:45.718807,0 days 00:00:00.685359,0.0011377147635818676,0.8464124656616514,0.09999458364798175,7,78,9.943308243983799,0.8169714926691127,299,78,0.7889294254823132,0.8539498173673961,0.9939203282277209,10,COMPLETE,0.9
16,0.024615391918885326,2024-10-17 22:06:45.719036,2024-10-17 22:06:46.469502,0 days 00:00:00.750466,0.01786480249369656,0.8404618010200481,0.06845663522428319,7,63,6.643973775872051,0.8062542049758017,292,174,0.8393481896385431,0.7842091922832158,0.9214732781738466,9,COMPLETE,0.9
17,0.018305968516712234,2024-10-17 22:06:46.469852,2024-10-17 22:06:49.537407,0 days 00:00:03.067555,0.006015662751635206,0.9649096840065049,0.07776888060151928,10,47,6.6377290956314745,0.017646925556917714,353,74,0.6626840396385474,0.7573760562041959,0.6990715595982546,8,COMPLETE,0.9
18,0.005012942035986469,2024-10-17 22:06:49.537643,2024-10-17 22:06:50.177287,0 days 00:00:00.639644,0.0001992264465493062,0.802147330579233,0.04922603728429656,6,83,9.195659551006816,0.5933944163453051,194,159,0.9972526830339875,0.30736065825236736,0.9432810754847085,10,COMPLETE,0.9
19,0.024615391918885326,2024-10-17 22:06:50.177519,2024-10-17 22:06:51.713359,0 days 00:00:01.535840,0.9807983012236381,0.7932248953827608,0.05258704874968819,10,23,6.531566230658046,0.8165427257246007,611,66,0.40435574923467255,0.4832320814238273,0.8428200396841741,8,COMPLETE,0.9
