number,value,datetime_start,datetime_complete,duration,params_colsample_bytree,params_learning_rate,params_max_depth,params_n_estimators,params_reg_alpha,params_reg_lambda,params_subsample,state,alpha
0,0.0017877433781275502,2024-10-26 15:30:22.842591,2024-10-26 15:30:24.816338,0 days 00:00:01.973747,0.6324351815508846,0.09277951804498293,3,372,4.322793326614635,6.927429768691356,0.9762629290299524,COMPLETE,0.1
1,0.0017827205816030173,2024-10-26 15:30:24.816571,2024-10-26 15:30:25.720828,0 days 00:00:00.904257,0.852392639237538,0.09914733411403362,8,154,6.484445561647943,0.4328533832027941,0.6385264342607839,COMPLETE,0.1
2,0.0017533615796621017,2024-10-26 15:30:25.721039,2024-10-26 15:30:29.308143,0 days 00:00:03.587104,0.6127700610424065,0.0638623548836172,5,806,3.4409379486664964,6.082757135049072,0.4377040477783604,COMPLETE,0.1
3,0.0017434728090620667,2024-10-26 15:30:29.308360,2024-10-26 15:30:32.152022,0 days 00:00:02.843662,0.9142019209774593,0.05959526034340989,8,512,9.66045170469655,2.084986727903636,0.6941730176065257,COMPLETE,0.1
4,0.0017243751339618915,2024-10-26 15:30:32.152219,2024-10-26 15:30:34.580374,0 days 00:00:02.428155,0.6359481969527815,0.0812846857757747,6,567,8.832833251913286,5.160861389357148,0.375434980959282,COMPLETE,0.1
5,0.0018325248053680195,2024-10-26 15:30:34.580536,2024-10-26 15:30:35.095801,0 days 00:00:00.515265,0.6633893047154567,0.0721784966086422,5,101,6.053943187749628,3.5591390694469602,0.9811574306344197,PRUNED,0.1
6,0.0018893585608202933,2024-10-26 15:30:35.095919,2024-10-26 15:30:35.806481,0 days 00:00:00.710562,0.2846394957552536,0.097686650596792,3,211,5.145078136213596,1.89600467265599,0.264803616497353,PRUNED,0.1
7,0.00315974908447911,2024-10-26 15:30:35.806643,2024-10-26 15:30:39.366403,0 days 00:00:03.559760,0.6900569565945722,0.0024145742658341057,6,598,8.017475676558576,8.833458256676462,0.35237978963338634,PRUNED,0.1
8,0.0018933921970203055,2024-10-26 15:30:39.366589,2024-10-26 15:30:40.584504,0 days 00:00:01.217915,0.287407771124541,0.07080607627998607,9,157,5.028163469445376,4.495558154816177,0.8168285259220535,PRUNED,0.1
9,0.00182648763506822,2024-10-26 15:30:40.584620,2024-10-26 15:30:41.588097,0 days 00:00:01.003477,0.6365144817749786,0.05211658273869597,9,129,6.077868636329848,4.550492259103082,0.5342385608540594,PRUNED,0.1
10,0.0018130804033886288,2024-10-26 15:30:41.588225,2024-10-26 15:30:47.013155,0 days 00:00:05.424930,0.46443297453404286,0.03111900733386372,7,935,2.1522916564387824,9.966319389679644,0.2310135065584546,PRUNED,0.1
11,0.0017328842208622134,2024-10-26 15:30:47.013280,2024-10-26 15:30:50.672919,0 days 00:00:03.659639,0.988583274071146,0.045008279865151005,7,574,9.977764821843946,2.4327187553902436,0.7073314283242357,COMPLETE,0.1
12,0.0017318194002524465,2024-10-26 15:30:50.673090,2024-10-26 15:30:54.518171,0 days 00:00:03.845081,0.9837039712331295,0.03226233597209704,6,656,9.96794038286516,2.2470721659746076,0.7581530887456273,COMPLETE,0.1
13,0.0017463745804143535,2024-10-26 15:30:54.518351,2024-10-26 15:30:58.407138,0 days 00:00:03.888787,0.7939083072152779,0.023004400296002994,5,731,8.573378286339892,0.01742111806519331,0.4811592852931586,PRUNED,0.1
14,0.0017436538269604007,2024-10-26 15:30:58.407255,2024-10-26 15:31:01.053498,0 days 00:00:02.646243,0.4847961099113713,0.032577271640712495,6,426,8.149441381467566,6.469660169324429,0.7978480873529197,PRUNED,0.1
15,0.001826761471564644,2024-10-26 15:31:01.053615,2024-10-26 15:31:04.457855,0 days 00:00:03.404240,0.45700252165872957,0.08115934003658998,4,714,0.24774117828292397,3.1733115570822203,0.37057766646644136,PRUNED,0.1
16,0.001965418533019018,2024-10-26 15:31:04.457973,2024-10-26 15:31:06.586166,0 days 00:00:02.128193,0.7740511722535109,0.012618835418716431,7,332,7.303235936751829,7.80140885315323,0.5598382274033918,PRUNED,0.1
17,0.0017450275404258416,2024-10-26 15:31:06.586296,2024-10-26 15:31:10.176485,0 days 00:00:03.590189,0.9467288458489963,0.04182825789561833,4,659,8.974113816968842,5.882960003697143,0.8557447441529601,PRUNED,0.1
18,0.0018494182067519032,2024-10-26 15:31:10.176604,2024-10-26 15:31:15.430986,0 days 00:00:05.254382,0.39068229969985757,0.0847768105047414,6,887,7.280130654117116,5.007163015293771,0.6164164142884145,PRUNED,0.1
19,0.0017601712090007271,2024-10-26 15:31:15.431109,2024-10-26 15:31:18.002448,0 days 00:00:02.571339,0.7470863268377237,0.020573884058471208,6,482,9.247565495665215,1.1682274949513143,0.3298800662248285,PRUNED,0.1
0,0.0029400981184339566,2024-10-26 15:31:21.087749,2024-10-26 15:31:22.483463,0 days 00:00:01.395714,0.9798855891262286,0.025807854991457168,3,353,3.826899984319748,0.1824282968543012,0.2737377755599318,COMPLETE,0.2
1,0.0027629751465999878,2024-10-26 15:31:22.483628,2024-10-26 15:31:26.792517,0 days 00:00:04.308889,0.5093164520007509,0.02606242870034798,5,801,5.598725263166191,3.3935736336629723,0.5196810923829475,COMPLETE,0.2
2,0.0028035380388685962,2024-10-26 15:31:26.792684,2024-10-26 15:31:30.950897,0 days 00:00:04.158213,0.743715727025506,0.040586341548780415,3,981,1.0291442713427674,4.98455269765555,0.41962094146009155,COMPLETE,0.2
3,0.0028588265052224395,2024-10-26 15:31:30.951065,2024-10-26 15:31:32.790406,0 days 00:00:01.839341,0.7602332450758797,0.029517178179058648,7,308,3.6543210916684505,8.246326440599633,0.24497139439720927,COMPLETE,0.2
4,0.0027733665926104514,2024-10-26 15:31:32.790575,2024-10-26 15:31:37.226446,0 days 00:00:04.435871,0.9942501913969274,0.0420289945332796,4,766,7.19875663551356,4.511717040793402,0.9790390423998359,COMPLETE,0.2
5,0.0027637547360357703,2024-10-26 15:31:37.226613,2024-10-26 15:31:42.103004,0 days 00:00:04.876391,0.7728776134999817,0.03255090031030827,5,925,2.680737192416048,3.2826241296022034,0.4601446461353085,COMPLETE,0.2
6,0.0027861227410559903,2024-10-26 15:31:42.103174,2024-10-26 15:31:44.562797,0 days 00:00:02.459623,0.6656403508375219,0.08021482549519869,4,385,4.959934794397327,6.396356536043744,0.9744331619798071,COMPLETE,0.2
7,0.0028272459340554653,2024-10-26 15:31:44.562985,2024-10-26 15:31:47.533903,0 days 00:00:02.970918,0.4838141938625822,0.05667566067301341,4,543,5.164243525039529,9.592182928086551,0.7254495138707766,PRUNED,0.2
8,0.003967887797720706,2024-10-26 15:31:47.534021,2024-10-26 15:31:48.920440,0 days 00:00:01.386419,0.631087349842762,0.008227225604110414,3,282,5.063989741051464,1.6248963954936622,0.7476875645113581,PRUNED,0.2
9,0.003003302905985991,2024-10-26 15:31:48.920558,2024-10-26 15:31:49.813473,0 days 00:00:00.892915,0.27827129502219866,0.07877465296760303,4,176,5.710518356474001,1.3766660005582596,0.564862332384473,PRUNED,0.2
10,0.0067645295337406975,2024-10-26 15:31:49.813594,2024-10-26 15:31:55.474799,0 days 00:00:05.661205,0.4026212707818553,0.0008628319937657621,9,705,9.196513473402149,6.644824556153844,0.7331432606522916,PRUNED,0.2
11,0.0028366823740141028,2024-10-26 15:31:55.474917,2024-10-26 15:32:01.920024,0 days 00:00:06.445107,0.8324309911034098,0.05955121666919358,6,994,1.3081713848763536,3.1738612955124634,0.5238439318978361,PRUNED,0.2
12,0.0028146310582244675,2024-10-26 15:32:01.920261,2024-10-26 15:32:06.707975,0 days 00:00:04.787714,0.5210795651241256,0.01563823420763465,6,814,2.8858099126982872,3.8115784693428667,0.433771470693588,PRUNED,0.2
13,0.0028067314123634414,2024-10-26 15:32:06.708092,2024-10-26 15:32:11.993772,0 days 00:00:05.285680,0.3291363393568614,0.02519855810159545,7,868,7.562019973630656,2.709490865117541,0.41802308007772526,PRUNED,0.2
14,0.00280549826942572,2024-10-26 15:32:11.993889,2024-10-26 15:32:15.880169,0 days 00:00:03.886280,0.5324608419982392,0.09857824293787887,5,646,2.309909039821104,6.575685840099851,0.6402041750336241,PRUNED,0.2
15,0.0027438171517698918,2024-10-26 15:32:15.880289,2024-10-26 15:32:18.589206,0 days 00:00:02.708917,0.869461923133872,0.041066828876894966,5,539,6.9709104905152035,2.1282173236654733,0.3430388894861805,COMPLETE,0.2
16,0.0027726033135119844,2024-10-26 15:32:18.589376,2024-10-26 15:32:21.754394,0 days 00:00:03.165018,0.8919022475288026,0.0505275199113866,7,527,7.041222166995851,1.7447034693646093,0.33679637153701125,COMPLETE,0.2
17,0.002965235103135101,2024-10-26 15:32:21.754568,2024-10-26 15:32:24.910474,0 days 00:00:03.155906,0.2204267445156568,0.06663129327975999,5,642,9.619748676364946,0.21211700246689613,0.32463765046320947,PRUNED,0.2
18,0.002848383106656521,2024-10-26 15:32:24.910597,2024-10-26 15:32:27.870939,0 days 00:00:02.960342,0.4370410088977768,0.016694652869128253,9,441,8.52562184554599,2.5620730040004216,0.2034363843433948,PRUNED,0.2
19,0.0027896228004456332,2024-10-26 15:32:27.871061,2024-10-26 15:32:31.359191,0 days 00:00:03.488130,0.5921736599075489,0.04233940630667753,8,460,6.06202207498025,5.781033429018337,0.6414555725522479,PRUNED,0.2
0,0.0037494186033786335,2024-10-26 15:32:34.052022,2024-10-26 15:32:41.591334,0 days 00:00:07.539312,0.6086263637196792,0.09977563508755043,9,977,3.9610447582867003,7.075471796511762,0.25868256054205746,COMPLETE,0.3
1,0.0037292144803343736,2024-10-26 15:32:41.591503,2024-10-26 15:32:44.455512,0 days 00:00:02.864009,0.22757577827243508,0.0783810233179477,4,489,4.477886351529942,4.189082453756222,0.9685742580677559,COMPLETE,0.3
2,0.003901600744301097,2024-10-26 15:32:44.455681,2024-10-26 15:32:45.537235,0 days 00:00:01.081554,0.4319712350897252,0.024970615810982758,8,138,1.012802672406469,4.0812531280011966,0.832460533629364,COMPLETE,0.3
3,0.00522210892013037,2024-10-26 15:32:45.537408,2024-10-26 15:32:46.038439,0 days 00:00:00.501031,0.71391833901495,0.016391727817417195,4,109,3.8609442441945876,9.612510170270651,0.3542468637057512,COMPLETE,0.3
4,0.003530686620390877,2024-10-26 15:32:46.038623,2024-10-26 15:32:47.264156,0 days 00:00:01.225533,0.8775795796807448,0.08313860588146223,4,216,3.0705276465798317,8.852959070621228,0.8519720412916577,COMPLETE,0.3
5,0.0036821830642085065,2024-10-26 15:32:47.264325,2024-10-26 15:32:48.779907,0 days 00:00:01.515582,0.7557457898254869,0.01417250917880447,4,288,6.285190249067315,9.028722519497757,0.8307704430401991,COMPLETE,0.3
6,0.0035917524087663226,2024-10-26 15:32:48.780077,2024-10-26 15:32:50.678957,0 days 00:00:01.898880,0.3059292731227318,0.07311369785132307,4,413,2.470981761695519,1.3800212344682208,0.3394875696542423,COMPLETE,0.3
7,0.0034264761416713677,2024-10-26 15:32:50.679136,2024-10-26 15:32:52.542767,0 days 00:00:01.863631,0.8971576080721235,0.055899933139642775,5,306,7.818445361002514,0.6178934449565332,0.7974902365217823,COMPLETE,0.3
8,0.0034823219047183376,2024-10-26 15:32:52.542949,2024-10-26 15:32:57.585446,0 days 00:00:05.042497,0.793490010073078,0.03185623104837045,6,870,1.8863320530883234,3.9193582521617314,0.36198595094798486,COMPLETE,0.3
9,0.003558296605693835,2024-10-26 15:32:57.585619,2024-10-26 15:33:01.597493,0 days 00:00:04.011874,0.672261918043833,0.057891783175938016,9,495,7.760585272100106,3.539546110085863,0.6322137672455339,COMPLETE,0.3
10,0.0034325485112651206,2024-10-26 15:33:01.597680,2024-10-26 15:33:05.516394,0 days 00:00:03.918714,0.9945333339479727,0.04826340201840991,6,674,8.606445233987774,0.09491055602787846,0.5939532030587386,COMPLETE,0.3
11,0.0033647270769292647,2024-10-26 15:33:05.516566,2024-10-26 15:33:09.711698,0 days 00:00:04.195132,0.951513664467033,0.045320327889465876,6,707,9.93763956619151,0.5532727169008714,0.6043412083168063,COMPLETE,0.3
12,0.0034599112721416334,2024-10-26 15:33:09.711870,2024-10-26 15:33:14.342155,0 days 00:00:04.630285,0.960943677126268,0.046818622405216295,7,720,9.854084236311207,1.8226856424518862,0.6277357097829322,COMPLETE,0.3
13,0.003409211765909664,2024-10-26 15:33:14.342328,2024-10-26 15:33:18.134450,0 days 00:00:03.792122,0.8753187031036779,0.061985629377217986,6,642,6.928981634089899,1.8843123270873927,0.5349059580523614,COMPLETE,0.3
14,0.0034468607142907207,2024-10-26 15:33:18.134631,2024-10-26 15:33:22.614344,0 days 00:00:04.479713,0.49945669176216684,0.03624939139688748,7,677,5.851411158917789,2.6263054993603805,0.4956932296968997,COMPLETE,0.3
15,0.0034652199686474447,2024-10-26 15:33:22.614516,2024-10-26 15:33:27.775079,0 days 00:00:05.160563,0.8536410944699229,0.06751922277551442,7,798,9.630622245448453,5.874076137119861,0.5133380504750145,COMPLETE,0.3
16,0.0033899687582914354,2024-10-26 15:33:27.775268,2024-10-26 15:33:31.435742,0 days 00:00:03.660474,0.8210551436043181,0.04096824705033742,5,616,6.64244423635347,2.3095855710893947,0.7342165797512448,COMPLETE,0.3
17,0.003623432724803839,2024-10-26 15:33:31.435924,2024-10-26 15:33:34.729469,0 days 00:00:03.293545,0.5525178956570063,0.04104311001878167,3,567,5.689888068337724,2.6032360318724796,0.7262795711370433,PRUNED,0.3
18,0.0033824235168828645,2024-10-26 15:33:34.729707,2024-10-26 15:33:39.948037,0 days 00:00:05.218330,0.8019113796291066,0.028448651734233565,5,815,8.453647224561916,0.9167181231250039,0.6983050657654235,COMPLETE,0.3
19,0.009237771991237686,2024-10-26 15:33:39.948224,2024-10-26 15:33:45.992276,0 days 00:00:06.044052,0.6650206889074735,0.0006171050148560293,5,889,8.7798755492909,6.300553991212699,0.9940831832214813,PRUNED,0.3
0,0.003970661260512973,2024-10-26 15:33:50.166521,2024-10-26 15:33:53.223082,0 days 00:00:03.056561,0.4046989213467401,0.015987229174019704,7,517,4.875887954128521,5.855337608795282,0.2532665936779142,COMPLETE,0.4
1,0.005916610671959752,2024-10-26 15:33:53.223271,2024-10-26 15:33:57.759220,0 days 00:00:04.535949,0.49776200739589876,0.002382882250377358,6,692,5.949546939274076,5.120688448090998,0.6797715778256305,COMPLETE,0.4
2,0.00386913139101777,2024-10-26 15:33:57.759636,2024-10-26 15:34:02.698947,0 days 00:00:04.939311,0.4468255945079531,0.02968653572835004,6,885,5.323884209827898,9.309396482518066,0.25483808307739547,COMPLETE,0.4
3,0.0039829085034420045,2024-10-26 15:34:02.699333,2024-10-26 15:34:06.843271,0 days 00:00:04.143938,0.7698521979938545,0.08476163595822114,7,500,3.2031722731452947,0.6222438911062942,0.874120280161463,COMPLETE,0.4
4,0.004079616179667056,2024-10-26 15:34:06.843438,2024-10-26 15:34:13.194427,0 days 00:00:06.350989,0.6000517212122145,0.08822343785347515,7,802,3.1122056918269494,1.2437875197551482,0.9075877826549794,COMPLETE,0.4
5,0.00379228748721186,2024-10-26 15:34:13.195960,2024-10-26 15:34:15.038759,0 days 00:00:01.842799,0.5547145289528862,0.08655034186326603,6,329,5.481207789709562,2.54069021037389,0.3430251074904318,COMPLETE,0.4
6,0.003961689431705876,2024-10-26 15:34:15.038963,2024-10-26 15:34:21.027850,0 days 00:00:05.988887,0.4950581460996766,0.08465783371965516,6,899,5.521232138895631,5.975157179918656,0.6492494783042314,COMPLETE,0.4
7,0.0037955034134989347,2024-10-26 15:34:21.028020,2024-10-26 15:34:26.612841,0 days 00:00:05.584821,0.9572291704069011,0.028414595054892525,4,874,8.116182363858458,9.529956339334284,0.9704091373662123,COMPLETE,0.4
8,0.004164155782208689,2024-10-26 15:34:26.613011,2024-10-26 15:34:31.506648,0 days 00:00:04.893637,0.7735709387636638,0.05962318846438381,8,583,1.2363592987349756,8.229886022554343,0.775384428025315,PRUNED,0.4
9,0.004085199985927435,2024-10-26 15:34:31.506934,2024-10-26 15:34:34.359288,0 days 00:00:02.852354,0.5906439073080317,0.06531614084164551,9,355,9.432967430027869,4.701410698596596,0.5721466444863759,PRUNED,0.4
10,0.004918006744757328,2024-10-26 15:34:34.359443,2024-10-26 15:34:34.846682,0 days 00:00:00.487239,0.20432488672679827,0.09951951318221279,3,102,7.527276014061236,2.7303396427160065,0.4333411763113891,PRUNED,0.4
11,0.003922247273428286,2024-10-26 15:34:34.846810,2024-10-26 15:34:36.215200,0 days 00:00:01.368390,0.9972593392427028,0.03695216029636812,4,278,8.663145495130221,3.179327478587794,0.4444308249518133,COMPLETE,0.4
12,0.0038101122707757808,2024-10-26 15:34:36.215598,2024-10-26 15:34:42.528166,0 days 00:00:06.312568,0.9139201392027191,0.044248593859273926,4,997,7.370945472448354,7.504440549073222,0.9884334790699433,COMPLETE,0.4
13,0.003970210524920323,2024-10-26 15:34:42.528341,2024-10-26 15:34:44.489495,0 days 00:00:01.961154,0.7472783458050136,0.023467666555435057,5,362,7.472086842530738,9.94367149465718,0.4083214746902747,PRUNED,0.4
14,0.004510487054143962,2024-10-26 15:34:44.489726,2024-10-26 15:34:45.285913,0 days 00:00:00.796187,0.27096930533537045,0.05981744027502535,3,164,9.865629897416925,2.830854716826279,0.5500304838521475,PRUNED,0.4
15,0.0037869795821861485,2024-10-26 15:34:45.286047,2024-10-26 15:34:48.634471,0 days 00:00:03.348424,0.6560368622079655,0.05116027698942514,5,645,3.668442470290816,3.7366863981052303,0.346506040953759,COMPLETE,0.4
16,0.0037816089297590056,2024-10-26 15:34:48.634660,2024-10-26 15:34:52.047657,0 days 00:00:03.412997,0.6397714231329933,0.07314431879780997,5,662,3.477810512037436,1.7371140115278867,0.35021071528194825,COMPLETE,0.4
17,0.003916724141071348,2024-10-26 15:34:52.047826,2024-10-26 15:34:55.237263,0 days 00:00:03.189437,0.684870432293605,0.07136212258413384,5,679,0.026799005490175887,0.0405114126996744,0.20207462051830657,PRUNED,0.4
18,0.0038091935545053776,2024-10-26 15:34:55.237381,2024-10-26 15:34:58.653897,0 days 00:00:03.416516,0.858694098504825,0.05125925209038212,5,645,3.106105249376058,3.9963677212671374,0.3425021651624381,COMPLETE,0.4
19,0.0038313123556088994,2024-10-26 15:34:58.654087,2024-10-26 15:35:03.025419,0 days 00:00:04.371332,0.6745781160508538,0.0731616371015191,5,765,1.9952640169266391,1.687450370885068,0.5077624997219474,COMPLETE,0.4
0,0.0050900829960517854,2024-10-26 15:35:06.345392,2024-10-26 15:35:07.167840,0 days 00:00:00.822448,0.9105705582325864,0.011661512708508815,3,216,9.099676373957223,2.6446798202579016,0.25864814298362815,COMPLETE,0.5
1,0.004277489196007249,2024-10-26 15:35:07.168019,2024-10-26 15:35:08.830859,0 days 00:00:01.662840,0.3835793115777628,0.029007104632252752,8,228,8.99628186593106,0.9371037532558943,0.8081927084390222,COMPLETE,0.5
2,0.004476756410272827,2024-10-26 15:35:08.831030,2024-10-26 15:35:11.104113,0 days 00:00:02.273083,0.6150209164507923,0.008465391761548174,3,502,6.09865347150504,4.314149236135841,0.6504992149569115,COMPLETE,0.5
3,0.00437531946408242,2024-10-26 15:35:11.104463,2024-10-26 15:35:11.921460,0 days 00:00:00.816997,0.8960449208239641,0.02472317193966873,7,122,1.8387667702757386,6.940278085898785,0.3756301308988409,COMPLETE,0.5
4,0.004080683572334052,2024-10-26 15:35:11.921631,2024-10-26 15:35:16.344231,0 days 00:00:04.422600,0.7975346253352797,0.006941479571183536,6,855,7.022817035801828,7.1097690277897465,0.31039105326120886,COMPLETE,0.5
5,0.0043035134267657245,2024-10-26 15:35:16.344404,2024-10-26 15:35:21.650942,0 days 00:00:05.306538,0.371223152652266,0.09532650447375884,7,735,5.513118155295479,4.048319518231021,0.8956216272220867,COMPLETE,0.5
6,0.004489584032064627,2024-10-26 15:35:21.651117,2024-10-26 15:35:29.353146,0 days 00:00:07.702029,0.4460594009267122,0.09069665320299981,8,896,0.6559922622457321,8.214736223819534,0.7453597421786228,PRUNED,0.5
7,0.004134112596798588,2024-10-26 15:35:29.353302,2024-10-26 15:35:34.627805,0 days 00:00:05.274503,0.3166485838492228,0.03424534460493904,4,951,9.424582736159222,3.670631171268199,0.7059133554285173,COMPLETE,0.5
8,0.004027932972234863,2024-10-26 15:35:34.628002,2024-10-26 15:35:36.160112,0 days 00:00:01.532110,0.545761233571555,0.0804370241625265,4,290,8.720927341054928,3.693083383924233,0.6793306821253259,COMPLETE,0.5
9,0.004301276410848529,2024-10-26 15:35:36.160276,2024-10-26 15:35:38.887367,0 days 00:00:02.727091,0.3538648157966822,0.013530508251666244,4,529,6.533471551971859,8.314223173491614,0.7364789720868488,PRUNED,0.5
10,0.003962877686813272,2024-10-26 15:35:38.887501,2024-10-26 15:35:41.002358,0 days 00:00:02.114857,0.6095717835823522,0.06650124410643257,5,359,3.701858005589404,0.7094682700813948,0.5007467522716502,COMPLETE,0.5
11,0.003935156609514158,2024-10-26 15:35:41.002677,2024-10-26 15:35:43.263565,0 days 00:00:02.260888,0.60982142595025,0.07055111173120876,5,399,3.151220860766414,0.8182480733451415,0.5021735506894917,COMPLETE,0.5
12,0.003983390899985294,2024-10-26 15:35:43.263985,2024-10-26 15:35:45.465016,0 days 00:00:02.201031,0.6944933070279814,0.0629667211764029,5,397,3.262679547734962,0.2264055309840206,0.48202179683927504,COMPLETE,0.5
13,0.004069616038596278,2024-10-26 15:35:45.465182,2024-10-26 15:35:49.548347,0 days 00:00:04.083165,0.710089194347879,0.06385470365496518,6,655,3.7149074559595734,2.0570680600422495,0.5306264787181352,COMPLETE,0.5
14,0.00430016279157822,2024-10-26 15:35:49.548687,2024-10-26 15:35:51.496860,0 days 00:00:01.948173,0.20183029360472843,0.05657490202830472,5,383,3.889910605302915,1.541492520104049,0.4331009805825392,PRUNED,0.5
15,0.0039872346802572655,2024-10-26 15:35:51.496984,2024-10-26 15:35:53.885181,0 days 00:00:02.388197,0.5454332343674332,0.07623608581708205,5,409,2.2992993024754087,0.22916563885079627,0.5451201203872146,COMPLETE,0.5
16,0.004264314363761057,2024-10-26 15:35:53.885362,2024-10-26 15:35:59.131887,0 days 00:00:05.246525,0.9971835472688892,0.046537467866461874,9,609,0.0757804327017717,5.672654669895836,0.5866936022715663,PRUNED,0.5
17,0.003940898522168947,2024-10-26 15:35:59.132025,2024-10-26 15:36:00.741237,0 days 00:00:01.609212,0.6880429135773535,0.07602290239765896,5,314,4.534740813016194,2.5451237873966757,0.39462061306025786,COMPLETE,0.5
18,0.004099413360703963,2024-10-26 15:36:00.741410,2024-10-26 15:36:01.478660,0 days 00:00:00.737250,0.7365873482657076,0.08044793411140048,6,121,4.930058913374885,2.1231611791954075,0.3632125972580965,PRUNED,0.5
19,0.004161238292437612,2024-10-26 15:36:01.478926,2024-10-26 15:36:04.399571,0 days 00:00:02.920645,0.493700845057196,0.043678536989293165,7,487,7.785527867579917,2.7511142709048184,0.2136318018454153,PRUNED,0.5
0,0.0038896770905979066,2024-10-26 15:36:06.653257,2024-10-26 15:36:08.778933,0 days 00:00:02.125676,0.7749591909660087,0.04221039796566172,6,333,9.726527778870581,0.7876294587105235,0.8068424271288102,COMPLETE,0.6
1,0.004204257720438957,2024-10-26 15:36:08.779093,2024-10-26 15:36:12.011981,0 days 00:00:03.232888,0.9238163746532684,0.011560560080655825,9,428,2.6725598824376227,1.4461154598268506,0.44859919805095966,COMPLETE,0.6
2,0.003996688177877952,2024-10-26 15:36:12.012354,2024-10-26 15:36:18.598907,0 days 00:00:06.586553,0.8971054869771182,0.0165656005656217,8,853,1.6186090548061498,1.3355835929337208,0.7557479905601215,COMPLETE,0.6
3,0.003876377263064858,2024-10-26 15:36:18.599096,2024-10-26 15:36:20.675726,0 days 00:00:02.076630,0.9868067964890429,0.07282550137079556,4,352,1.9813212696370939,4.2296702369813275,0.9174762294978596,COMPLETE,0.6
4,0.005131380704484131,2024-10-26 15:36:20.676136,2024-10-26 15:36:21.817965,0 days 00:00:01.141829,0.35241916822964214,0.015433066757554665,9,166,7.639487526813817,5.521545032128939,0.31097191545203273,COMPLETE,0.6
5,0.004478295685326903,2024-10-26 15:36:21.818130,2024-10-26 15:36:27.667281,0 days 00:00:05.849151,0.4480561481574335,0.08183413964808853,9,783,2.899286270322553,1.8240197735705628,0.23904723787099602,PRUNED,0.6
6,0.003996951930081707,2024-10-26 15:36:27.667408,2024-10-26 15:36:31.560956,0 days 00:00:03.893548,0.3604839756418639,0.03059530482853152,6,644,1.6169314771960868,8.847384421554755,0.5863933678529055,PRUNED,0.6
7,0.0049889018738507535,2024-10-26 15:36:31.561075,2024-10-26 15:36:32.854703,0 days 00:00:01.293628,0.7153050742058544,0.012373727338640627,8,200,8.303641497525362,8.341296615137383,0.38598299790864754,PRUNED,0.6
8,0.004258969243659072,2024-10-26 15:36:32.854834,2024-10-26 15:36:34.546413,0 days 00:00:01.691579,0.28317603820918896,0.04433516315783757,3,456,2.747415689690026,4.816570171156783,0.24305410103699812,PRUNED,0.6
9,0.003963218873918533,2024-10-26 15:36:34.546532,2024-10-26 15:36:37.653136,0 days 00:00:03.106604,0.8281009271310648,0.08954256414554651,4,484,0.14684607194868157,9.912179462438369,0.9889093882300638,COMPLETE,0.6
10,0.003982286396567247,2024-10-26 15:36:37.653307,2024-10-26 15:36:41.767785,0 days 00:00:04.114478,0.5625377205368501,0.0681811729499226,4,655,5.30409794589673,4.2481754019164235,0.9815804549601168,PRUNED,0.6
11,0.0039872042870752675,2024-10-26 15:36:41.767903,2024-10-26 15:36:43.825338,0 days 00:00:02.057435,0.7359256706822466,0.060212040517977135,6,314,9.722723933699845,3.245035095261449,0.8011996885770851,PRUNED,0.6
12,0.0038593962240069074,2024-10-26 15:36:43.825461,2024-10-26 15:36:45.800305,0 days 00:00:01.974844,0.9839081722969125,0.04384837963069146,5,317,5.138897708543677,0.16327140818564667,0.8140309799904281,COMPLETE,0.6
13,0.0038763172220755374,2024-10-26 15:36:45.800470,2024-10-26 15:36:47.501910,0 days 00:00:01.701440,0.998452554322668,0.0721567778410307,4,320,4.95572846501511,7.1622336835953,0.6772142376298806,COMPLETE,0.6
14,0.003923595636118817,2024-10-26 15:36:47.502078,2024-10-26 15:36:48.217718,0 days 00:00:00.715640,0.6266181735167414,0.09992600871949767,5,120,5.221305164271593,6.836163822805293,0.6451897562853843,COMPLETE,0.6
15,0.00398040689507944,2024-10-26 15:36:48.217888,2024-10-26 15:36:51.269927,0 days 00:00:03.052039,0.9902120295095445,0.054782207255157325,3,601,6.143036309073241,6.467667421699416,0.6329996040321516,PRUNED,0.6
16,0.003874826795005339,2024-10-26 15:36:51.270050,2024-10-26 15:36:52.678886,0 days 00:00:01.408836,0.8686050313924686,0.03907010374635858,5,250,3.9673473985848373,2.795664568811163,0.5414959188577155,COMPLETE,0.6
17,0.0039332104091994,2024-10-26 15:36:52.679078,2024-10-26 15:36:53.975699,0 days 00:00:01.296621,0.8283960625811353,0.032637353018228996,5,232,4.188472804408384,0.1806370937416994,0.5283529322585597,PRUNED,0.6
18,0.017299407893187492,2024-10-26 15:36:53.975820,2024-10-26 15:36:55.755025,0 days 00:00:01.779205,0.6343043968854851,0.0012174011210710836,7,264,6.827092401465254,2.732288433920587,0.4959273284611808,PRUNED,0.6
19,0.00432441329763229,2024-10-26 15:36:55.755143,2024-10-26 15:36:56.341843,0 days 00:00:00.586700,0.884984538428616,0.02887618392446464,5,105,4.144733098525119,2.829924854566356,0.7467357576782732,PRUNED,0.6
0,0.0034966452516290085,2024-10-26 15:36:58.302296,2024-10-26 15:36:59.916994,0 days 00:00:01.614698,0.9653569721694045,0.0338177038622756,5,344,1.4570869810031906,9.369893833949341,0.20952550640212994,COMPLETE,0.7
1,0.0036259400726134853,2024-10-26 15:36:59.917391,2024-10-26 15:37:04.073410,0 days 00:00:04.156019,0.36068592064320737,0.0997150585615322,3,932,6.58047412904672,8.37040677758947,0.4294129406402045,COMPLETE,0.7
2,0.00742480731792029,2024-10-26 15:37:04.073741,2024-10-26 15:37:06.651563,0 days 00:00:02.577822,0.28679036439163835,0.002255663658013046,3,688,7.88906993673554,0.7706865095857547,0.2056946548912733,COMPLETE,0.7
3,0.0036279078497231587,2024-10-26 15:37:06.651741,2024-10-26 15:37:12.182042,0 days 00:00:05.530301,0.3543217802100034,0.03112528984436555,7,716,0.8974271998508374,4.7019463829107115,0.6615870224802787,COMPLETE,0.7
4,0.0035152372095182344,2024-10-26 15:37:12.182218,2024-10-26 15:37:15.369513,0 days 00:00:03.187295,0.9495954644542948,0.0234105557753471,4,711,3.385716957411245,6.636030233902998,0.2496109280443319,COMPLETE,0.7
5,0.0035808011991340805,2024-10-26 15:37:15.369683,2024-10-26 15:37:18.436208,0 days 00:00:03.066525,0.5566748941844601,0.08946847913167146,6,420,3.572820241048672,0.5213950842386246,0.8949002109383687,COMPLETE,0.7
6,0.003522012052464493,2024-10-26 15:37:18.436509,2024-10-26 15:37:20.419786,0 days 00:00:01.983277,0.6385014592455135,0.08081342468615862,5,349,4.365205222470636,7.553985996271456,0.5358041474656973,COMPLETE,0.7
7,0.0036007948856015396,2024-10-26 15:37:20.419957,2024-10-26 15:37:25.759705,0 days 00:00:05.339748,0.582506641151805,0.03789196792030383,6,794,8.182239439751164,2.9364336925709855,0.807008951325351,PRUNED,0.7
8,0.00376909209655778,2024-10-26 15:37:25.759835,2024-10-26 15:37:29.806167,0 days 00:00:04.046332,0.8433670300528976,0.05722338283722354,8,511,6.0831121145192215,4.911497044646677,0.8788878708715039,PRUNED,0.7
9,0.0036205737420580753,2024-10-26 15:37:29.806333,2024-10-26 15:37:30.535046,0 days 00:00:00.728713,0.6199672358867887,0.07833719663232142,4,164,6.7918698859677065,7.730310197432866,0.3282286094965951,PRUNED,0.7
10,0.0038643724885094695,2024-10-26 15:37:30.535166,2024-10-26 15:37:32.123406,0 days 00:00:01.588240,0.7905095583846902,0.05566819236559793,9,191,0.002567840933206389,9.94236453452009,0.655793057417029,PRUNED,0.7
11,0.003894044901869937,2024-10-26 15:37:32.123525,2024-10-26 15:37:34.805870,0 days 00:00:02.682345,0.9762913806339861,0.006459485901104057,5,602,2.5578232647371286,9.907338083221642,0.20941117387347574,PRUNED,0.7
12,0.0035863050375857936,2024-10-26 15:37:34.805992,2024-10-26 15:37:36.207250,0 days 00:00:01.401258,0.9923199100509225,0.023895224131206518,4,327,2.1485110951678235,5.943499093954672,0.33989914892974193,PRUNED,0.7
13,0.0035024058358588688,2024-10-26 15:37:36.207368,2024-10-26 15:37:40.894469,0 days 00:00:04.687101,0.810478664490484,0.020207881733333783,5,955,1.8769855962604276,6.496543498203584,0.3413624070233817,COMPLETE,0.7
14,0.0033926797465900975,2024-10-26 15:37:40.894655,2024-10-26 15:37:45.970863,0 days 00:00:05.076208,0.778561550365036,0.04242874534342675,5,973,1.1340475360065327,3.1220626487205037,0.4529911578625604,COMPLETE,0.7
15,0.003745859869515445,2024-10-26 15:37:45.971036,2024-10-26 15:37:49.249721,0 days 00:00:03.278685,0.7295024444826199,0.04883718486459794,7,488,0.19133008514791583,2.8759360837872587,0.488929293566007,PRUNED,0.7
16,0.0037793849457959093,2024-10-26 15:37:49.249842,2024-10-26 15:37:50.815302,0 days 00:00:01.565460,0.8931988832586468,0.04237378644260399,7,265,9.388529539808038,3.49979126798931,0.41974771270434275,PRUNED,0.7
17,0.003450891900093263,2024-10-26 15:37:50.815424,2024-10-26 15:37:56.113986,0 days 00:00:05.298562,0.7166017990075642,0.06800392310028616,5,854,1.1786282822418566,1.9755546103472659,0.7372781411409559,COMPLETE,0.7
18,0.0036175150653324378,2024-10-26 15:37:56.114160,2024-10-26 15:38:01.730507,0 days 00:00:05.616347,0.4616965203656967,0.06570524194985786,6,857,5.35056917977834,1.8741419912219202,0.746413196537325,PRUNED,0.7
19,0.0034716137655912706,2024-10-26 15:38:01.730628,2024-10-26 15:38:07.424610,0 days 00:00:05.693982,0.7334302255422293,0.0758012300572103,4,986,3.294200469012176,1.9609040684558643,0.5972407817383345,COMPLETE,0.7
0,0.0033423961623188555,2024-10-26 15:38:12.915530,2024-10-26 15:38:17.281731,0 days 00:00:04.366201,0.9394144672281775,0.07028165506015088,9,547,9.449945272849765,4.849415962719062,0.9653030063809211,COMPLETE,0.8
1,0.002995557278152952,2024-10-26 15:38:17.282100,2024-10-26 15:38:21.808282,0 days 00:00:04.526182,0.5829223589615069,0.009735956102324013,4,716,7.9186881927798725,9.087762622197566,0.9697220681914115,COMPLETE,0.8
2,0.003228303133921779,2024-10-26 15:38:21.808447,2024-10-26 15:38:24.365510,0 days 00:00:02.557063,0.7616265989801301,0.03309837141381958,8,298,1.5376301353352402,1.2900789206759338,0.8792388913554062,COMPLETE,0.8
3,0.0029681402430435846,2024-10-26 15:38:24.365724,2024-10-26 15:38:28.919369,0 days 00:00:04.553645,0.7878370939046141,0.02280942290856737,6,884,5.117831388656963,1.9717788585249936,0.20278355238126028,COMPLETE,0.8
4,0.014957111806795405,2024-10-26 15:38:28.919533,2024-10-26 15:38:31.823852,0 days 00:00:02.904319,0.379429178139765,0.0011341372445314894,4,486,4.391805013942913,0.005034466076900588,0.9588713312392261,COMPLETE,0.8
5,0.003095342880797224,2024-10-26 15:38:31.824021,2024-10-26 15:38:32.872780,0 days 00:00:01.048759,0.4682081542475146,0.055479154103961065,3,217,6.402870989247102,4.28696880582003,0.7916101979927385,COMPLETE,0.8
6,0.0030738983557603732,2024-10-26 15:38:32.872950,2024-10-26 15:38:35.011547,0 days 00:00:02.138597,0.3564840259773946,0.03881163921781398,3,428,4.480517037006207,8.470557613574739,0.807219284095237,COMPLETE,0.8
7,0.00327098349617277,2024-10-26 15:38:35.011713,2024-10-26 15:38:36.499944,0 days 00:00:01.488231,0.9625811152855335,0.08014068007421477,8,207,3.585035281050838,1.3657753006085451,0.5600791210306716,PRUNED,0.8
8,0.0028956514529925575,2024-10-26 15:38:36.500066,2024-10-26 15:38:40.310187,0 days 00:00:03.810121,0.7305363053881742,0.02310126841314503,4,796,9.653570915996248,9.214760070449618,0.48947785764163376,COMPLETE,0.8
9,0.0031969172881322378,2024-10-26 15:38:40.310355,2024-10-26 15:38:41.543719,0 days 00:00:01.233364,0.7694299981141879,0.01941475280815467,5,224,4.850612651812165,9.818855111421168,0.8540745069930387,PRUNED,0.8
10,0.003015496431692505,2024-10-26 15:38:41.543838,2024-10-26 15:38:46.983941,0 days 00:00:05.440103,0.23687556290054024,0.0955947020942006,6,973,9.676017393954922,7.0834846896810255,0.44524632444318774,COMPLETE,0.8
11,0.0029569692375671125,2024-10-26 15:38:46.984116,2024-10-26 15:38:51.363604,0 days 00:00:04.379488,0.7522742173313529,0.024460647933787653,6,822,0.22893709267980977,2.9755235502355175,0.22774248929435692,COMPLETE,0.8
12,0.0032042165686184763,2024-10-26 15:38:51.363816,2024-10-26 15:38:55.919957,0 days 00:00:04.556141,0.661049103270073,0.04704123445094223,7,753,0.7941490447648709,6.677711220238406,0.20270676598709592,PRUNED,0.8
13,0.002917414146116298,2024-10-26 15:38:55.920087,2024-10-26 15:38:59.537370,0 days 00:00:03.617283,0.6242122489518896,0.023051202910571087,5,740,2.265875487435037,4.201492829026945,0.34751222479325383,COMPLETE,0.8
14,0.002907901159478676,2024-10-26 15:38:59.537543,2024-10-26 15:39:03.048718,0 days 00:00:03.511175,0.5894474757257574,0.05351905117534694,5,670,2.161393051363276,6.466687523150492,0.3972294259711713,COMPLETE,0.8
15,0.0029681490433015366,2024-10-26 15:39:03.048940,2024-10-26 15:39:06.370011,0 days 00:00:03.321071,0.5842612845931264,0.05973918519525128,4,634,7.048293202141968,6.759742224830291,0.6325390039153522,COMPLETE,0.8
16,0.0028927880358786554,2024-10-26 15:39:06.370182,2024-10-26 15:39:09.844536,0 days 00:00:03.474354,0.49030357019046433,0.041852266161638146,5,639,2.183232446801041,7.967829694226991,0.4623956347917683,COMPLETE,0.8
17,0.002850062820891191,2024-10-26 15:39:09.844706,2024-10-26 15:39:14.926477,0 days 00:00:05.081771,0.495881800010146,0.04031620806614955,4,956,3.025789109835994,8.120690804996897,0.5788243801903963,COMPLETE,0.8
18,0.0029551666556363824,2024-10-26 15:39:14.926649,2024-10-26 15:39:20.048275,0 days 00:00:05.121626,0.4544758411313742,0.03939972092005658,3,982,2.7048908040985786,8.015114404159062,0.6824644767822606,COMPLETE,0.8
19,0.0028892299572414377,2024-10-26 15:39:20.048452,2024-10-26 15:39:22.283942,0 days 00:00:02.235490,0.47194675118935936,0.07205161964150347,5,393,3.4048749185303686,5.618995556381124,0.531442508983044,COMPLETE,0.8
0,0.0019504365315091514,2024-10-26 15:39:27.241288,2024-10-26 15:39:28.342472,0 days 00:00:01.101184,0.5199435621308809,0.07461552580679956,3,240,2.868384785784147,3.6495888908586154,0.5537458994155865,COMPLETE,0.9
1,0.0020629642958016467,2024-10-26 15:39:28.342672,2024-10-26 15:39:32.016855,0 days 00:00:03.674183,0.302312437647946,0.023042655590390503,8,522,4.925443152579397,5.779772939023699,0.8022495007401212,COMPLETE,0.9
2,0.0019065325440534961,2024-10-26 15:39:32.017079,2024-10-26 15:39:33.927627,0 days 00:00:01.910548,0.6085207164342658,0.05441702590554804,4,408,0.12956540013665138,8.008966772975661,0.3385623511602462,COMPLETE,0.9
3,0.0043015652726115065,2024-10-26 15:39:33.927802,2024-10-26 15:39:36.234044,0 days 00:00:02.306242,0.3693358219859484,0.0038260309308980112,3,556,9.78466270335886,6.862538260381066,0.3394642757620873,COMPLETE,0.9
4,0.0019407094831273826,2024-10-26 15:39:36.234212,2024-10-26 15:39:38.960637,0 days 00:00:02.726425,0.8289591082133273,0.030866567668777253,7,411,7.599440416294797,2.7460461821471935,0.8538676469992517,COMPLETE,0.9
5,0.0019641152060485578,2024-10-26 15:39:38.960810,2024-10-26 15:39:41.884771,0 days 00:00:02.923961,0.9766530945851674,0.05048322400264361,3,572,7.623835830602045,1.631226293110724,0.7117857470206871,PRUNED,0.9
6,0.002464037322511991,2024-10-26 15:39:41.884892,2024-10-26 15:39:42.870698,0 days 00:00:00.985806,0.7783100245619212,0.018844317425922127,6,198,9.523238532614021,6.65007409961433,0.22240411831353166,PRUNED,0.9
7,0.002101031252788119,2024-10-26 15:39:42.870817,2024-10-26 15:39:45.877636,0 days 00:00:03.006819,0.24220047614601983,0.07591831274882152,8,455,2.529707636731068,2.840292963666235,0.34553338250900006,PRUNED,0.9
8,0.0019283548897778661,2024-10-26 15:39:45.877751,2024-10-26 15:39:47.748365,0 days 00:00:01.870614,0.45099648918465063,0.048179156085744745,6,360,6.982810116920831,3.626669554363841,0.335585544201168,COMPLETE,0.9
9,0.001981914134666797,2024-10-26 15:39:47.748532,2024-10-26 15:39:48.833641,0 days 00:00:01.085109,0.520759779402879,0.06488636724017394,3,280,3.4136993258347705,6.222736758580261,0.2531167478313409,PRUNED,0.9
10,0.0018114071419524267,2024-10-26 15:39:48.833763,2024-10-26 15:39:53.593174,0 days 00:00:04.759411,0.6996607645007901,0.09196450507824225,5,830,0.8066205105231266,9.196436018397122,0.545367174796815,COMPLETE,0.9
11,0.0018577959657612218,2024-10-26 15:39:53.593376,2024-10-26 15:39:58.631655,0 days 00:00:05.038279,0.6949571032544242,0.09977710854215643,5,850,0.08174684451541897,9.322787105076486,0.5216434274718497,COMPLETE,0.9
12,0.001863608195100464,2024-10-26 15:39:58.631934,2024-10-26 15:40:03.837988,0 days 00:00:05.206054,0.7208706008622208,0.09446876763284884,5,876,0.13433275376497553,9.9791271278459,0.5444810643621995,COMPLETE,0.9
13,0.0018422296815524257,2024-10-26 15:40:03.838163,2024-10-26 15:40:10.755974,0 days 00:00:06.917811,0.6630083488154955,0.09945669701471929,5,938,1.4785553893288046,9.947743885671763,0.9798410544237881,COMPLETE,0.9
14,0.001845621793963462,2024-10-26 15:40:10.756161,2024-10-26 15:40:17.698665,0 days 00:00:06.942504,0.8951633472407642,0.08501762946564474,5,976,1.646162683607471,8.49175901930105,0.9872861017712374,COMPLETE,0.9
15,0.001968359819327312,2024-10-26 15:40:17.698846,2024-10-26 15:40:23.090767,0 days 00:00:05.391921,0.6281706169604234,0.08931163661531547,7,720,1.623684018573388,0.11821570188165254,0.6514577708046098,PRUNED,0.9
16,0.001891351911818275,2024-10-26 15:40:23.090888,2024-10-26 15:40:27.588020,0 days 00:00:04.497132,0.6934833604697554,0.07834858767784703,4,715,4.5357411718134335,7.980605059214164,0.9835503329133126,COMPLETE,0.9
17,0.0023138301588519054,2024-10-26 15:40:27.588197,2024-10-26 15:40:35.724122,0 days 00:00:08.135925,0.8502141017873445,0.06577568109548622,9,978,1.5473125150479916,9.878314871293021,0.46588656867575784,PRUNED,0.9
18,0.0018836672864505197,2024-10-26 15:40:35.724248,2024-10-26 15:40:39.963605,0 days 00:00:04.239357,0.5340546786353862,0.09936172254768778,4,718,3.8785954210448192,8.63561569083726,0.7453028618021058,COMPLETE,0.9
19,0.0018755839181372421,2024-10-26 15:40:39.963781,2024-10-26 15:40:45.202288,0 days 00:00:05.238507,0.9874264834729106,0.08563051030502151,5,836,6.256669808521826,4.9069824975634395,0.8948115130515242,COMPLETE,0.9
